Protein name,Ligands,Type of motion,Free PDB,Free Chains,Bound PDB,Bound Chains
CITRATE SYNTHASE,2xCIC,Domain Coupled,5csc,AB,6cts,AA
CITRATE SYNTHASE,2xCIC,Local Coupled,5csc,AB,6cts,AA
TRYPTOPHAN-TRNA LIGASE,2xATP,Domain Coupled,1d2r,AD,1m83,AA
TRYPTOPHAN-TRNA LIGASE,2xATP,Local Coupled,1d2r,AD,1m83,AA
3-PHOSPHOSHIKIMATE 1-CARBOXYVINYLTRANSFERASE,RC1,Domain Coupled,2gg4,A,2pqc,A
3-PHOSPHOSHIKIMATE 1-CARBOXYVINYLTRANSFERASE,RC1,Local Coupled,2gg4,A,2pqc,A
OROTATE PHOSPHORIBOSYLTRANSFERASE 1,2xOMP,Domain Coupled,2pry,AA,2prz,CD
OROTATE PHOSPHORIBOSYLTRANSFERASE 1,2xOMP,Local Coupled,2pry,AA,2prz,CD
DIAMINOPIMELATE EPIMERASE,ZDP,Domain Coupled,1gqz,A,2gke,A
DIAMINOPIMELATE EPIMERASE,ZDP,Local Coupled,1gqz,A,2gke,A
PHOSPHATE ACETYLTRANSFERASE,3xCOA,Domain Coupled,1qzt,AB,2af3,CD
PHOSPHATE ACETYLTRANSFERASE,3xCOA,Local Coupled,1qzt,AB,2af3,CD
PEROXISOMAL HYDRATASE-DEHYDROGENASE-EPIMERASE,2xHDC,Domain Coupled,1pn2,AB,1pn4,AB
PEROXISOMAL HYDRATASE-DEHYDROGENASE-EPIMERASE,2xHDC,Local Coupled,1pn2,AB,1pn4,AB
3-PHOSPHOSHIKIMATE 1-CARBOXYVINYLTRANSFERASE,S3P,Domain Coupled,2bjb,A,2o0d,A
3-PHOSPHOSHIKIMATE 1-CARBOXYVINYLTRANSFERASE,S3P,Local Independent,2bjb,A,2o0d,A
3-PHOSPHOSHIKIMATE 1-CARBOXYVINYLTRANSFERASE,S3P,Local Coupled,2bjb,A,2o0d,A
"ALPHA-2,3/2,6-SIALYLTRANSFERASE/SIALIDASE","CSF,LBT",Domain Coupled,2ex0,B,2ihz,A
"ALPHA-2,3/2,6-SIALYLTRANSFERASE/SIALIDASE","CSF,LBT",Local Independent,2ex0,B,2ihz,A
"ALPHA-2,3/2,6-SIALYLTRANSFERASE/SIALIDASE","CSF,LBT",Local Coupled,2ex0,B,2ihz,A
PHOSPHOENOLPYRUVATE CARBOXYKINASE,"ATP,MG",Domain Coupled,1oen,A,2olr,A
PHOSPHOENOLPYRUVATE CARBOXYKINASE,"ATP,MG",Local Independent,1oen,A,2olr,A
PHOSPHOENOLPYRUVATE CARBOXYKINASE,"ATP,MG",Local Coupled,1oen,A,2olr,A
INOSINE TRIPHOSPHATE PYROPHOSPHATASE,2xITT,Domain Coupled,2car,AB,2j4e,AB
INOSINE TRIPHOSPHATE PYROPHOSPHATASE,2xITT,Local Coupled,2car,AB,2j4e,AB
INOSINE TRIPHOSPHATE PYROPHOSPHATASE,2xITT,Local Independent,2car,AB,2j4e,AB
ARACHIDONATE 15-LIPOXYGENASE,RS7,Domain Coupled,2p0m,A,2p0m,B
ARACHIDONATE 15-LIPOXYGENASE,RS7,Local Independent,2p0m,A,2p0m,B
ARACHIDONATE 15-LIPOXYGENASE,RS7,Local Coupled,2p0m,A,2p0m,B
SUCROSE HYDROLASE,SUC,Domain Coupled,3cze,A,3czk,A
SUCROSE HYDROLASE,SUC,Local Independent,3cze,A,3czk,A
SUCROSE HYDROLASE,SUC,Local Coupled,3cze,A,3czk,A
3-DEOXY-MANNO-OCTULOSONATE CYTIDYLYLTRANSFERASE,CMK,Domain Coupled,1vh3,C,1vh3,B
3-DEOXY-MANNO-OCTULOSONATE CYTIDYLYLTRANSFERASE,CMK,Local Independent,1vh3,C,1vh3,B
BISPHOSPHOGLYCERATE MUTASE,2xDG2,Domain Coupled,1t8p,AB,2h4z,AB
BISPHOSPHOGLYCERATE MUTASE,2xDG2,Local Independent,1t8p,AB,2h4z,AB
FOLYLPOLYGLUTAMATE SYNTHASE,"ACQ,TMF",Domain Coupled,2gca,A,1jbw,A
FOLYLPOLYGLUTAMATE SYNTHASE,"ACQ,TMF",Local Independent,2gca,A,1jbw,A
14-3-3 PROTEIN SIGMA,"PEPT(MARSHYPA),CA",Domain Coupled,1yz5,AB,1ywt,AB
14-3-3 PROTEIN SIGMA,"PEPT(MARSHYPA),CA",Local Independent,1yz5,AB,1ywt,AB
SUCCINYL-COA:3-KETOACID-COENZYME A TRANSFERASE 1,EMT,Domain Coupled,2nrb,AB,1o9l,AB
SUCCINYL-COA:3-KETOACID-COENZYME A TRANSFERASE 1,EMT,Local Independent,2nrb,AB,1o9l,AB
LACTOFERRIN,"2xCU,2xNAG",Domain Independent,1lfh,A,1lfi,A
LACTOFERRIN,"2xCU,2xNAG",Domain Coupled,1lfh,A,1lfi,A
LACTOFERRIN,"2xCU,2xNAG",Local Independent,1lfh,A,1lfi,A
HISTIDYL-TRNA SYNTHETASE,2xHAM,Domain Independent,1h4v,BB,1ady,AB
HISTIDYL-TRNA SYNTHETASE,2xHAM,Local Independent,1h4v,BB,1ady,AB
HISTIDYL-TRNA SYNTHETASE,2xHAM,Local Coupled,1h4v,BB,1ady,AB
PENICILLIN-BINDING PROTEIN 2,M0E,Domain Independent,2olu,A,2olv,A
PENICILLIN-BINDING PROTEIN 2,M0E,Local Coupled,2olu,A,2olv,A
TETRACYCLINE REPRESSOR PROTEIN,"PEPT(WTWNAYAFAAPS),PEPT(WTWNAYAFAAP)",Domain Independent,2ns7,AB,2ns8,CD
TETRACYCLINE REPRESSOR PROTEIN,"PEPT(WTWNAYAFAAPS),PEPT(WTWNAYAFAAP)",Local Coupled,2ns7,AB,2ns8,CD
ANTHRANILATE PHOSPHORIBOSYLTRANSFERASE,"4xMG,2xPRP",Domain Independent,1o17,BC,1zxy,AD
ANTHRANILATE PHOSPHORIBOSYLTRANSFERASE,"4xMG,2xPRP",Local Coupled,1o17,BC,1zxy,AD
RIBOSOMAL PROTEIN L11 METHYLTRANSFERASE,SAM,Domain Independent,2nxc,A,2nxe,A
RIBOSOMAL PROTEIN L11 METHYLTRANSFERASE,SAM,Local Coupled,2nxc,A,2nxe,A
2-C-METHYL-D-ERYTHRITOL 4-PHOSPHATE CYTIDYLYLTRANSFERASE,2xCTP,Domain Independent,1vgt,AB,1i52,AA
2-C-METHYL-D-ERYTHRITOL 4-PHOSPHATE CYTIDYLYLTRANSFERASE,2xCTP,Local Coupled,1vgt,AB,1i52,AA
"NICOTINAMIDE NUCLEOTIDE TRANSHYDROGENASE, SUBUNIT ALPHA 1",NAI,Domain Independent,1l7d,CD,1l7e,AB
"NICOTINAMIDE NUCLEOTIDE TRANSHYDROGENASE, SUBUNIT ALPHA 1",NAI,Local Coupled,1l7d,CD,1l7e,AB
SUCCINYLARGININE DIHYDROLASE,2xSUO,Domain Independent,1ynf,CE,1ynh,AD
SUCCINYLARGININE DIHYDROLASE,2xSUO,Local Coupled,1ynf,CE,1ynh,AD
UDP-N-ACETYLMURAMOYL-L-ALANINE:D-GLUTAMATE LIGASE,UMA,Domain Independent,1e0d,A,1eeh,A
UDP-N-ACETYLMURAMOYL-L-ALANINE:D-GLUTAMATE LIGASE,UMA,Local Coupled,1e0d,A,1eeh,A
UDP-N-ACETYLMURAMOYL-L-ALANINE:D-GLUTAMATE LIGASE,UMA,Local Independent,1e0d,A,1eeh,A
ARGININE KINASE,"ADP,DAR",Domain Independent,1m80,A,1bg0,A
ARGININE KINASE,"ADP,DAR",Local Coupled,1m80,A,1bg0,A
ARGININE KINASE,"ADP,DAR",Local Independent,1m80,A,1bg0,A
ACETYL TRANSFERASE,2xCOA,Domain Independent,1z9u,AB,1s7n,AB
ACETYL TRANSFERASE,2xCOA,Local Independent,1z9u,AB,1s7n,AB
ACETYL TRANSFERASE,2xCOA,Local Coupled,1z9u,AB,1s7n,AB
235AA LONG HYPOTHETICAL BIOTIN--[ACETYL-COA-CARBOXYLASE] LIGASE,"2xADP,2xBTN",Domain Independent,2hni,AB,2dth,AB
235AA LONG HYPOTHETICAL BIOTIN--[ACETYL-COA-CARBOXYLASE] LIGASE,"2xADP,2xBTN",Local Independent,2hni,AB,2dth,AB
235AA LONG HYPOTHETICAL BIOTIN--[ACETYL-COA-CARBOXYLASE] LIGASE,"2xADP,2xBTN",Local Coupled,2hni,AB,2dth,AB
TRANSLATION INITIATION FACTOR IF2/EIF5B,GNP,Domain Independent,1g7r,A,1g7t,A
TRANSLATION INITIATION FACTOR IF2/EIF5B,GNP,Local Coupled,1g7r,A,1g7t,A
TRANSLATION INITIATION FACTOR IF2/EIF5B,GNP,Local Independent,1g7r,A,1g7t,A
FERRIPYOVERDINE RECEPTOR,PVD,Domain Independent,2o5p,B,2iah,A
FERRIPYOVERDINE RECEPTOR,PVD,Local Independent,2o5p,B,2iah,A
MALTOSE-BINDING PROTEIN MONOBODY YS1 FUSION,"1PE,MN,PG4,PGE",Domain Independent,3csg,A,3csb,A
MALTOSE-BINDING PROTEIN MONOBODY YS1 FUSION,"1PE,MN,PG4,PGE",Local Independent,3csg,A,3csb,A
JUMONJI DOMAIN-CONTAINING PROTEIN 2A,2xPEPT(ARTKQTA),Domain Independent,2gf7,C,2gfa,B
JUMONJI DOMAIN-CONTAINING PROTEIN 2A,2xPEPT(ARTKQTA),Local Independent,2gf7,C,2gfa,B
DERMONECROTIC TOXIN,2xTRE,Domain Independent,2ec5,A,2ebf,X
DERMONECROTIC TOXIN,2xTRE,Local Independent,2ec5,A,2ebf,X
INTERFERON-INDUCIBLE GTPASE,"GNP,MG",Domain Independent,1tqd,A,1tq6,A
INTERFERON-INDUCIBLE GTPASE,"GNP,MG",Local Independent,1tqd,A,1tq6,A
ADENOSINE KINASE,2xACP,Domain Independent,2pkf,BB,2pkn,AA
ADENOSINE KINASE,2xACP,Local Independent,2pkf,BB,2pkn,AA
TRANSCRIPTIONAL REPRESSOR SMTB,2xZN,Domain Independent,1smt,AB,1r22,AB
TRANSCRIPTIONAL REPRESSOR SMTB,2xZN,Local Independent,1smt,AB,1r22,AB
GELSOLIN,3xCA,Domain Independent,2fh4,B,1p8x,C
GELSOLIN,3xCA,Local Independent,2fh4,B,1p8x,C
TAQ DNA POLYMERASE,"BGL,ZN",Domain Independent,1cmw,A,1taq,A
TAQ DNA POLYMERASE,"BGL,ZN",Local Independent,1cmw,A,1taq,A
TRANSPORTIN-1,PEPT(PRVRYNPYTTRP),Domain Independent,2qmr,D,2z5k,A
TRANSPORTIN-1,PEPT(PRVRYNPYTTRP),Local Independent,2qmr,D,2z5k,A
POLY(A) POLYMERASE,2xFLC,Domain Independent,2o1p,A,2hhp,A
POLY(A) POLYMERASE,2xFLC,Local Independent,2o1p,A,2hhp,A
INOSITOL-TRISPHOSPHATE 3-KINASE A,"4IP,ADP",Domain Independent,1w2f,A,1w2d,B
INOSITOL-TRISPHOSPHATE 3-KINASE A,"4IP,ADP",Local Independent,1w2f,A,1w2d,B
LIPOPOLYSACCHARIDE HEPTOSYLTRANSFERASE-1,ADP,Domain Independent,2gt1,A,2h1f,B
LIPOPOLYSACCHARIDE HEPTOSYLTRANSFERASE-1,ADP,Local Independent,2gt1,A,2h1f,B
MYOSIN II HEAVY CHAIN,ADP,Domain Independent,1fmv,A,1w9j,A
MYOSIN II HEAVY CHAIN,ADP,Local Independent,1fmv,A,1w9j,A
REGULATOR OF NONSENSE TRANSCRIPTS 1,ADP,Domain Independent,2gk7,A,2gk6,A
REGULATOR OF NONSENSE TRANSCRIPTS 1,ADP,Local Independent,2gk7,A,2gk6,A
LYSYL-TRNA SYNTHETASE,2xLYS,Domain Independent,1bbw,AA,1bbu,AA
LYSYL-TRNA SYNTHETASE,2xLYS,Local Independent,1bbw,AA,1bbu,AA
ADENYLATE KINASE,"ADP,AMP",Domain Coupled,4ake,A,2eck,A
GLUCOKINASE,2xBGC,Domain Coupled,1q18,AB,1sz2,AB
HYPOTHETICAL OXIDOREDUCTASE YIAK,"2xNAD,2xTLA",Domain Coupled,1nxu,AB,1s20,AB
5'-NUCLEOTIDASE,"ADN,2xMN",Domain Coupled,1oid,B,1ho5,A
UROPORPHYRINOGEN-III SYNTHASE,UP3,Domain Coupled,3d8r,A,3d8n,A
CHITIN OLIGOSACCHARIDE BINDING PROTEIN,"CBS,MN",Domain Coupled,1zty,A,1zu0,A
LEU/ILE/VAL-BINDING PROTEIN,ILE,Domain Coupled,1z15,A,1z17,A
LACTOFERRIN,FE,Domain Coupled,1l5t,A,1lct,A
"MALTOSE ABC TRANSPORTER, PERIPLASMIC MALTOSE- BINDING PROTEIN",MLR,Domain Coupled,2ghb,A,2gha,A
ABC TYPE PERIPLASMIC SUGAR-BINDING PROTEIN,UNG,Domain Coupled,2uvg,A,2uvi,A
BIOTIN CARBOXYLASE,"AP2,MG",Domain Coupled,2c00,A,2vqd,A
MALTOSE-BINDING PERIPLASMIC PROTEIN,MAL,Domain Coupled,1zkb,A,1jvy,A
GUANYLATE KINASE,5GP,Domain Coupled,1ex6,B,1gky,A
"SUGAR ABC TRANSPORTER, PERIPLASMIC SUGAR-BINDING PROTEIN",XYP,Domain Coupled,3c6q,B,3c6q,D
HEXOKINASE,2xGLC,Domain Coupled,2e2n,AB,2e2o,AA
TAGATOSE-6-PHOSPHATE KINASE,"2xANP,2xMG,TA6",Domain Coupled,2q5r,AB,2jg1,BC
ADENOSINE KINASE,"ACP,ADN",Domain Coupled,1lio,A,1lii,A
HTH-TYPE TRANSCRIPTIONAL REGULATOR CATM,2xCCU,Domain Coupled,2h98,AB,2h9q,CD
ISOCITRATE DEHYDROGENASE,2xICT,Domain Coupled,1sjs,AA,1pb1,AA
CROTONOBETAINYL-COA:CARNITINE COA-TRANSFERASE,2xCOA,Domain Coupled,1xk7,BC,1xvt,AA
ALDOSE REDUCTASE,"FID,NAP",Domain Coupled,1xgd,A,1ef3,B
FARNESYL DIPHOSPHATE SYNTHASE,"2xIPE,4xMG,2xZOL",Domain Coupled,2f7m,FF,2f8z,FF
HYALURONATE LYASE,"DGC,NG6",Domain Coupled,2brw,A,1ojp,A
DNA BETA-GLUCOSYLTRANSFERASE,UDP,Domain Coupled,1jej,A,1qkj,A
PROGRAMMED CELL DEATH PROTEIN 6,"12P,2PE,6xCA",Domain Coupled,2znd,AA,2zn9,AB
TYPE 2 MALATE/LACTATE DEHYDROGENASE,2xNAD,Domain Coupled,1x0a,AA,1vbi,AA
L-RHAMNULOSE KINASE,"ADP,LRH",Domain Coupled,2cgk,B,2uyt,A
PHOSPHORIBOSYLAMINOIMIDAZOLE-SUCCINOCARBOXAMIDE SYNTHASE,"2xADP,2xAMZ,2xSIN",Domain Coupled,1a48,A,2cnq,A
"SACCHAROPINE DEHYDROGENASE, NAD+, L-LYSINE- FORMING",OGA,Domain Coupled,2qrj,A,2qrl,A
THREONYL-TRNA SYNTHETASE,2xA3S,Domain Coupled,1y2q,AA,2hl0,AA
"CAMP AND CAMP-INHIBITED CGMP 3',5'-CYCLIC PHOSPHODIESTERASE 10A","2x35G,MG",Domain Coupled,2ous,B,2ouu,A
HOMOSERINE KINASE,"2xANP,2xHSE",Domain Coupled,1fwl,AB,1h72,CC
FARNESYL PYROPHOSPHATE SYNTHASE,"2xAHD,2xIPR,5xMG",Domain Coupled,1yhk,AA,1yhm,AB
FK506 BINDING PROTEIN,1,Domain Coupled,1eym,A,1j4r,A
PHOSPHORIBOSYLGLYCINAMIDE FORMYLTRANSFERASE,"GAR,KEU",Domain Coupled,1meo,A,1rby,A
GLYOXYLATE REDUCTASE/HYDROXYPYRUVATE REDUCTASE,"DGY,2xNDP",Domain Coupled,2q50,CD,2gcg,CD
TRICHODIENE SYNTHASE,"2xMG,POP,2xSAZ",Domain Coupled,1yj4,AB,1yyr,AB
HYALURONIDASE,2xGSZ,Domain Coupled,2cbi,A,2j62,A
"5,10-METHENYLTETRAHYDROFOLATE SYNTHETASE","ADP,MG,THF",Domain Coupled,1sbq,B,1u3g,A
ELONGATION FACTOR 2,SO1,Domain Independent,1n0v,D,1n0u,A
ELONGATION FACTOR 2,SO1,Domain Coupled,1n0v,D,1n0u,A
IMMUNOGLOBULIN LAMBDA DIMER MCG (LIGHT CHAIN),2xPEPT(QFHP),Domain Independent,1dcl,AB,1mcs,AB
GROWTH FACTOR RECEPTOR-BOUND PROTEIN 2,PEPT(APSYVNVQN),Domain Independent,1jyu,A,1jyr,A
CYANOVIRIN-N,NHE,Domain Independent,3ezm,AA,1l5b,AB
"RIBONUCLEASE, SEMINAL",2xCPA,Domain Independent,1r5d,AB,1tq9,AB
SECRETED EFFECTOR PROTEIN,B3P,Domain Independent,2qza,A,2qyu,A
COMPLEMENT CONTROL PROTEIN,"3xIDS,4xSGN",Domain Independent,1g40,A,1rid,B
PHENYLALANINE-4-HYDROXYLASE,"2xH4B,2xNLE",Domain Independent,1j8t,AA,1mmt,AA
TRANSCRIPTIONAL REGULATOR MNTR,4xMN,Domain Independent,2hyg,DD,2f5f,AB
PHOSPHOGLYCERATE KINASE 1,ADP,Domain Independent,3c3b,A,2zgv,A
DNAD-LIKE REPLICATION PROTEIN,ZN,Domain Independent,2zc2,A,2zc2,B
CELL DIVISION PROTEIN FTSA,ATP,Domain Independent,1e4f,T,1e4g,T
SIGNAL RECOGNITION PARTICLE 43 KDA PROTEIN,PEPT(YPGGSFDPLGLA),Domain Independent,3deo,A,3dep,A
PECTATE LYASE,MN,Domain Independent,2v8i,A,2v8j,A
HIGH-AFFINITY ZINC UPTAKE SYSTEM PROTEIN ZNUA,ZN,Domain Independent,2ps3,A,2ps0,A
JAGGED-1,MLT,Domain Independent,2vj2,A,2vj2,B
HYPOTHETICAL PROTEIN,P6G,Domain Independent,1rki,A,1rki,B
CHITINASE A,4xNAG,Domain Independent,3b8s,B,3b9d,A
SIALIDASE,"DAN,GAL",Domain Independent,1eut,A,1w8n,A
"2,4-DIENOYL-COA REDUCTASE",2xNDP,Domain Independent,1gu7,AB,1guf,AB
PSEUDECIN,ZN,Domain Independent,2ddb,A,2epf,D
"ABC TRANSPORTER, ATP BINDING PROTEIN",ADP,Domain Independent,1oxs,C,1oxu,C
EXOPOLYPHOSPHATASE,CA,Domain Independent,2j4r,B,1t6c,A
REPLICASE POLYPROTEIN 1AB (PP1AB),"2xPEPT(VTL),2xECQ",Domain Independent,1uk2,AB,2z3c,AA
FLAGELLUM-SPECIFIC ATP SYNTHASE,ADP,Domain Independent,2dpy,A,2dpy,B
EOSINOPHIL CATIONIC PROTEIN,2xCIT,Domain Independent,1qmt,A,1dyt,A
URE2 PROTEIN,GTT,Domain Independent,1g6y,AB,1jzr,CD
DATP PYROPHOSPHOHYDROLASE,PPV,Domain Independent,2o1c,D,2o1c,A
URACIL-DNA GLYCOSYLASE,URA,Domain Independent,3eug,A,1flz,A
OUTER PROTEIN YOPM,2xCA,Domain Independent,1g9u,A,1jl5,A
PUTATIVE SAM-DEPENDENT RNA METHYLTRANSFERASE,2xSAH,Domain Independent,1wxx,CD,2cww,BB
ENDODEOXYRIBONUCLEASE I,2xMN,Domain Independent,1fzr,CD,1m0d,AB
CHITINASE B,7xTYP,Domain Independent,1ogb,AB,1w1y,AB
DNA HELICASE UVSW,MG,Domain Independent,1rif,A,1rif,B
GLUCOSE 6-PHOSPHATE DEHYDROGENASE,2xNAP,Domain Independent,1dpg,AB,2dpg,AA
BETA NERVE GROWTH FACTOR,2xZN,Domain Independent,1bet,AA,1btg,BC
LETHAL(3)MALIGNANT BRAIN TUMOR-LIKE PROTEIN,PG4,Domain Independent,2rjc,B,2rhu,A
ADP-RIBOSYL CYCLASE,"4xNCA,2xROB",Domain Independent,1r0s,AB,1r15,AB
GLUTAMYL-TRNA SYNTHETASE,GLU,Domain Independent,2cfo,B,2cfo,A
LECTIN-D2,CA,Domain Independent,1uln,A,1uha,A
DIPEPTIDYL PEPTIDASE IV,"11xNAG,5xNDG",Domain Independent,2i78,CD,1u8e,AB
FOLLISTATIN,IHS,Domain Independent,1lr9,A,1lr8,A
CAPSID PROTEIN P40,2xPEPT(VDNA),Local Coupled,1wpo,AB,1njt,AB
PHOSPHOTYROSINE PROTEIN PHOSPHATASE PTPB,2x7XY,Local Coupled,1ywf,A,2oz5,B
ESTROGEN-RELATED RECEPTOR GAMMA,2xOHT,Local Coupled,2gp7,CD,2gpu,AA
CYCLOPROPANE-FATTY-ACYL-PHOSPHOLIPID SYNTHASE 1,"10A,SAH",Local Coupled,1kp9,A,1kph,C
HEME-DEGRADING MONOOXYGENASE ISDI,2xCOH,Local Coupled,1sqe,AB,2zdp,AB
"PROTEIN-TYROSINE PHOSPHATASE, NON-RECEPTOR TYPE 1",BB3,Local Coupled,1pa1,A,1t48,A
SIALIDASE 2,DAN,Local Coupled,1so7,A,1vcu,B
DIBENZOTHIOPHENE DESULFURIZATION ENZYME B,OBP,Local Coupled,2de2,A,2de3,B
NAD-DEPENDENT FORMATE DEHYDROGENASE,2xNAD,Local Coupled,2go1,AA,2nad,AB
PYRROLYSYL-TRNA SYNTHETASE,"2xPOP,2xYLY",Local Coupled,2e3c,AA,2zim,AA
HEME OXYGENASE 1,"224,HEM",Local Coupled,1irm,C,2dy5,A
CYANOBACTERIAL PHYCOERYTHROBILIN,BLA,Local Coupled,2vcl,A,2vck,B
PYRUVATE DEHYDROGENASE KINASE ISOENZYME 2,"2xATP,2xTF1",Local Coupled,2btz,AA,2bu2,AA
ENDOGLYCOCERAMIDASE II,"16C,GAL,GLC,SIA",Local Coupled,2osw,A,2osx,A
ASPARAGINYL-TRNA SYNTHETASE,2xNSS,Local Coupled,1x56,AA,1x55,AA
"BETA-1,4-XYLOGLUCAN HYDROLASE","5xBGC,CA,GLC,4xXYS",Local Coupled,2cn2,C,2cn3,A
ENOLASE,"2PG,2xMG,PEP",Local Independent,3enl,AA,2one,AB
ENOLASE,"2PG,2xMG,PEP",Local Coupled,3enl,AA,2one,AB
PHOSPHORIBOSYLFORMYLGLYCINAMIDINE SYNTHASE II,"ACP,FGR,2xMG",Local Coupled,1vk3,A,2hs4,A
PHOSPHORIBOSYLFORMYLGLYCINAMIDINE SYNTHASE II,"ACP,FGR,2xMG",Local Independent,1vk3,A,2hs4,A
PYRUVATE DEHYDROGENASE E1 COMPONENT,"2xMG,2xTDK",Local Independent,2g67,AB,2g25,AB
PYRUVATE DEHYDROGENASE E1 COMPONENT,"2xMG,2xTDK",Local Coupled,2g67,AB,2g25,AB
SPERMIDINE SYNTHASE,2xSAM,Local Coupled,3bwb,AB,3bwc,AB
SPERMIDINE SYNTHASE,2xSAM,Local Independent,3bwb,AB,3bwc,AB
INTERFERON-INDUCED GUANYLATE-BINDING PROTEIN 1,"GNP,MG",Local Coupled,1dg3,A,1f5n,A
INTERFERON-INDUCED GUANYLATE-BINDING PROTEIN 1,"GNP,MG",Local Independent,1dg3,A,1f5n,A
PROTEIN-ARGININE DEIMINASE TYPE IV,8xCA,Local Coupled,1wd8,AA,1wd9,AA
PROTEIN-ARGININE DEIMINASE TYPE IV,8xCA,Local Independent,1wd8,AA,1wd9,AA
GTPASE/ATPASE,2xGDP,Local Independent,2qm8,AB,2qm7,AB
GTPASE/ATPASE,2xGDP,Local Coupled,2qm8,AB,2qm7,AB
1-DEOXY-D-XYLULOSE-5-PHOSPHATE REDUCTOISOMERASE,"2xDXP,2xNDP",Local Coupled,1k5h,AA,1q0q,AB
SHIKIMATE KINASE,"MG,SKM",Local Coupled,2iyt,A,2iyx,A
D-ALANINE:D-ALANINE LIGASE,2xATP,Local Coupled,2fb9,AA,2zdq,AB
ARABINOSE OPERON REGULATORY PROTEIN,2xFCB,Local Coupled,1xja,EE,2aac,AB
"BETA-1,4-GALACTOSYLTRANSFERASE 1","GDU,MN",Local Coupled,1pzt,A,1o0r,A
ARYLALKYLAMINE N-ACETYLTRANSFERASE,COT,Local Coupled,1b6b,A,1cjw,A
ANTIGEN 85-C,DEP,Local Coupled,1dqz,B,1dqy,A
CHEMOSENSORY PROTEIN A6,3xBDD,Local Coupled,1kx9,A,1n8v,B
HYDROGENASE EXPRESSION/FORMATION PROTEIN HYPC,PG4,Local Coupled,2z1c,A,2z1c,B
TETRACENOMYCIN POLYKETIDE SYNTHESIS PROTEIN,2xZN,Local Coupled,2gu9,AB,2ilb,AA
SHIKIMATE KINASE,SKM,Local Coupled,1zuh,A,1zui,A
STAPHYLOCOCCAL ENTEROTOXIN B,SIA,Local Coupled,3seb,A,1se3,A
CATECHOL O-METHYLTRANSFERASE,"2xBIE,MG,SAM",Local Coupled,2zlb,A,2cl5,B
PEPTIDE METHIONINE SULFOXIDE REDUCTASE MSRA/MSRB,SSM,Local Coupled,3bqh,A,3bqf,A
PEROXISOME PROLIFERATOR-ACTIVATED RECEPTOR GAMMA,3xAJA,Local Coupled,2f4b,B,2om9,A
ARSENATE REDUCTASE,MNB,Local Coupled,1jfv,A,1rxe,A
PENICILLIN-BINDING PROTEIN 5,HJ2,Local Coupled,1nzu,A,3bec,A
GALECTIN,"2xGAL,2xGLC,2xSIA",Local Coupled,1ww7,BC,1ww4,AD
DIADENOSINE TETRAPHOSPHATE HYDROLASE,"AMP,2xMG",Local Coupled,1kt9,A,1ktg,A
"DTDP-6-DEOXY-D-XYLO-4-HEXULOSE 3,5-EPIMERASE",2xTRH,Local Coupled,1nxm,AB,2ixl,AB
"PROTEIN PHOSPHATASE 2A, REGULATORY SUBUNIT B",ADP,Local Coupled,2hv6,B,2hv7,E
DNA PACKAGING PROTEIN GP17,ADP,Local Coupled,2o0k,A,2o0j,A
17BETA-HYDROXYSTEROID DEHYDROGENASE,2xHYC,Local Coupled,1bhs,AA,1i5r,AA
LIPASE,PLC,Local Coupled,1tib,A,1ein,B
3-DEHYDROQUINATE DEHYDRATASE,2xDHS,Local Coupled,1gqn,AA,1l9w,CD
ALPHA-AMYLASE,3xCA,Local Coupled,1vjs,A,1bli,A
PROTEIN L,2xZN,Local Coupled,1hz6,A,1k52,B
GDP-MANNOSE MANNOSYL HYDROLASE,"2xGDP,2xMG",Local Coupled,2gt2,CD,1rya,AB
PROLINE-TRNA LIGASE,2x5CA,Local Coupled,2i4l,CC,2i4n,AB
ASPARAGINE OXYGENASE,"AHB,SIN",Local Coupled,2og6,A,2og7,A
CELLULAR TUMOR ANTIGEN P53,ZN,Local Coupled,2p52,A,2iom,A
PHOSPHOSERINE PHOSPHATASE,SEP,Local Coupled,1l7o,B,1l7p,B
STAPHYLOCOCCAL NUCLEASE,"CA,THP",Local Coupled,1ey0,A,1stb,A
ANNEXIN GH1,3xCA,Local Coupled,1n00,A,3brx,A
BETA-LACTOGLOBULIN,2xVD3,Local Coupled,1bsq,A,2gj5,A
AZURIN,REP,Local Coupled,1r1c,C,1r1c,A
27.5 KDA VIRULENCE PROTEIN,PEPT(GEAVATY),Local Coupled,2z8n,B,2z8p,A
SORTASE,"GLU,PRO,THR",Local Coupled,1t2w,C,1t2w,A
ASPARTATE BETA-SEMIALDEHYDE DEHYDROGENASE,2xNAP,Local Coupled,2gyy,AB,2gz1,AB
ALPHA-L-ARABINOFURANOSIDASE,"AHR,3xXYP",Local Coupled,2vrk,A,2vrq,B
SCO1 PROTEIN,2xCU,Local Coupled,2b7k,B,2b7j,C
ALDEHYDE REDUCTASE II,"AMP,NMN",Local Coupled,1ujm,B,1y1p,A
N-ACETYL-BETA-D-GLUCOSAMINIDASE,2xNGT,Local Coupled,2epl,XX,2epn,AB
UNCHARACTERIZED PROTEIN,CIT,Local Coupled,2r4i,CD,2r4i,AB
"MALATE DEHYDROGENASE, GLYOXYSOMAL",CIT,Local Coupled,1smk,AB,1smk,CD
THYMIDYLATE SYNTHASE,"2xLYA,2xUMP",Local Coupled,2rda,EF,1juj,CD
"PHOSPHOINOSITIDE-SPECIFIC PHOSPHOLIPASE C, ISOZYME DELTA1","2xCA,IP2",Local Coupled,1qat,A,1djz,B
BETA-AMYLASE,2xGLC,Local Coupled,1wdp,A,1q6f,A
TRIOSEPHOSPHATE ISOMERASE GLYCOSOMAL,2xPGA,Local Coupled,2j24,AB,2j27,AB
LL-DIAMINOPIMELATE AMINOTRANSFERASE,"MLT,2xPLP",Local Coupled,3ei7,AB,2z1z,AB
DEHYDROSQUALENE SYNTHASE,"B65,2xMG",Local Coupled,2zco,A,2zcq,A
PANTOTHENATE KINASE,2xPAU,Local Coupled,2f9t,AB,2f9w,AB
XYLOSE REDUCTASE,2xNAP,Local Coupled,1jez,AB,1k8c,CD
"GLYCEROL-3-PHOSPHATE DEHYDROGENASE [NAD+], CYTOPLASMIC","2x13P,2xNAD",Local Coupled,1x0v,AB,1wpq,AB
LIPASE A,RIL,Local Coupled,1i6w,B,1r4z,A
PHOSPHOLIPASE D,PD7,Local Coupled,2ze4,A,2ze9,A
LEUCYL/PHENYLALANYL-TRNA--PROTEIN TRANSFERASE,"PUY,TAR",Local Coupled,2dps,B,2dpt,B
RIBONUCLEASE T1,2GP,Local Coupled,1rn4,A,2bir,A
RNA EDITING COMPLEX PROTEIN MP57,"MN,3xUTP",Local Coupled,2b4v,A,2b51,A
ORNITHINE DECARBOXYLASE,"2xN2P,2xPLP",Local Coupled,2on3,AB,2oo0,AB
ALPHA-D-GLUCURONIDASE,2xGCU,Local Coupled,1mqr,AA,1mqq,AA
LEUCINE CARBOXYL METHYLTRANSFERASE 1,SAH,Local Coupled,1rjf,C,2ob2,B
COPPER RESISTANCE PROTEIN C,2xCU,Local Coupled,2c9r,A,2c9p,C
ALDOSE REDUCTASE,NDP,Local Coupled,2bgq,A,2vdg,A
PEPTIDE AMIDASE,CHY,Local Coupled,1m22,A,1m21,A
GLUCOSAMINE--FRUCTOSE-6-PHOSPHATE  AMINOTRANSFERASE,GLP,Local Coupled,2vf4,X,2vf5,X
"ALPHA-1,3-MANNOSYL-GLYCOPROTEIN BETA-1,2-N- ACETYLGLUCOSAMINYLTRANSFERASE",UD1,Local Coupled,1fo8,A,1foa,A
2-KETO-3-DEOXY-D-ARABINONATE DEHYDRATASE,"2x2KT,2xCA",Local Coupled,2q18,XX,2q1c,XX
RIO2 SERINE KINASE,"ATP,2xMN",Local Coupled,1tqi,A,1zao,A
PHOSPHOMETHYLPYRIMIDINE KINASE,2xHMH,Local Coupled,1jxh,AB,1jxi,AB
PHOSPHORIBOSYL ANTHRANILATE ISOMERASE,2x137,Local Coupled,1nsj,AA,1lbm,AA
"IRON(III) ABC TRANSPORTER, PERIPLASMIC IRON- BINDING PROTEIN, PUTATIVE",NI,Local Coupled,2etv,B,2etv,A
COMPLEMENT FACTOR D,SOA,Local Independent,1fdp,A,1bio,A
COMPLEMENT FACTOR D,SOA,Local Coupled,1fdp,A,1bio,A
"N-ACETYLLACTOSAMINIDE ALPHA-1,3-GALACTOSYLTRANSFERASE","MN,UDP",Local Independent,2vxm,A,2jcj,A
"N-ACETYLLACTOSAMINIDE ALPHA-1,3-GALACTOSYLTRANSFERASE","MN,UDP",Local Coupled,2vxm,A,2jcj,A
PYRIDOXAL KINASE,"2xACP,2xPXM",Local Coupled,1lhp,AB,1rft,AA
PYRIDOXAL KINASE,"2xACP,2xPXM",Local Independent,1lhp,AB,1rft,AA
PYRIDOXINE 5'-PHOSPHATE OXIDASE,PLP,Local Coupled,1xxo,AB,2aq6,AB
PYRIDOXINE 5'-PHOSPHATE OXIDASE,PLP,Local Independent,1xxo,AB,2aq6,AB
MYOGLOBIN,CUP,Local Coupled,1ufp,A,2eb8,A
MYOGLOBIN,CUP,Local Independent,1ufp,A,2eb8,A
TELOMERIC REPEAT BINDING FACTOR 1,2xPEPT(SHFNLAPLGRRRV),Local Independent,1h6o,AA,3bqo,AA
TELOMERIC REPEAT BINDING FACTOR 1,2xPEPT(SHFNLAPLGRRRV),Local Coupled,1h6o,AA,3bqo,AA
GANGLIOSIDE GM2 ACTIVATOR,"LP3,OLA",Local Coupled,1pu5,A,2ag4,B
GANGLIOSIDE GM2 ACTIVATOR,"LP3,OLA",Local Independent,1pu5,A,2ag4,B
RIBONUCLEOTIDE REDUCTASE PROTEIN R1,"PEPT(SEVDTDDLSNFQL),TTP",Local Coupled,1rlr,A,2r1r,C
RIBONUCLEOTIDE REDUCTASE PROTEIN R1,"PEPT(SEVDTDDLSNFQL),TTP",Local Independent,1rlr,A,2r1r,C
IRON(III) DICITRATE TRANSPORT PROTEIN FECA,"FDC,16xLDA",Local Coupled,1pnz,A,1kmp,A
IRON(III) DICITRATE TRANSPORT PROTEIN FECA,"FDC,16xLDA",Local Independent,1pnz,A,1kmp,A
8-AMINO-7-OXONONANOATE SYNTHASE,"2xKAM,2xMG",Local Coupled,1bs0,AA,1dj9,AA
8-AMINO-7-OXONONANOATE SYNTHASE,"2xKAM,2xMG",Local Independent,1bs0,AA,1dj9,AA
INOSITOL MONOPHOSPHATASE,2xCA,Local Independent,1imf,AA,1ime,AB
INOSITOL MONOPHOSPHATASE,2xCA,Local Coupled,1imf,AA,1ime,AB
BETA-SECRETASE 1,AXQ,Local Independent,1sgz,B,2f3e,C
BETA-SECRETASE 1,AXQ,Local Coupled,1sgz,B,2f3e,C
TRIOSEPHOSPHATE ISOMERASE,PGH,Local Coupled,1mss,B,1ttj,A
TRIOSEPHOSPHATE ISOMERASE,PGH,Local Independent,1mss,B,1ttj,A
PANTOTHENATE SYNTHETASE,2xAMP,Local Coupled,1n2o,AB,2a86,AB
PANTOTHENATE SYNTHETASE,2xAMP,Local Independent,1n2o,AB,2a86,AB
PMS1 PROTEIN HOMOLOG 2,ADP,Local Coupled,1h7s,A,1ea6,B
PMS1 PROTEIN HOMOLOG 2,ADP,Local Independent,1h7s,A,1ea6,B
PROTEIN BUG27,CIT,Local Independent,2qpq,B,2qpq,A
PROTEIN BUG27,CIT,Local Coupled,2qpq,B,2qpq,A
PHOSPHOACETYLGLUCOSAMINE MUTASE,"16G,ZN",Local Independent,2dka,A,2dkc,B
PHOSPHOACETYLGLUCOSAMINE MUTASE,"16G,ZN",Local Coupled,2dka,A,2dkc,B
ALKALINE PHOSPHATASE,"2xMG,4xZN",Local Independent,1aja,AB,1elz,AB
ALKALINE PHOSPHATASE,"2xMG,4xZN",Local Coupled,1aja,AB,1elz,AB
ANTHRANILATE PHOSPHORIBOSYLTRANSFERASE,"BAM,2xMG,PRP",Local Independent,1zvw,B,1zvw,A
ANTHRANILATE PHOSPHORIBOSYLTRANSFERASE,"BAM,2xMG,PRP",Local Coupled,1zvw,B,1zvw,A
GTP-BINDING PROTEIN LEPA,GNP,Local Coupled,2ywe,A,2ywf,A
GTP-BINDING PROTEIN LEPA,GNP,Local Independent,2ywe,A,2ywf,A
TRICHOTHECENE 3-O-ACETYLTRANSFERASE,"COA,MPO,ZBA",Local Coupled,2rkt,A,2rkv,A
TRICHOTHECENE 3-O-ACETYLTRANSFERASE,"COA,MPO,ZBA",Local Independent,2rkt,A,2rkv,A
FRUCTOSE-BISPHOSPHATE ALDOLASE II,4xZN,Local Coupled,1gyn,AA,1zen,AA
FRUCTOSE-BISPHOSPHATE ALDOLASE II,4xZN,Local Independent,1gyn,AA,1zen,AA
SIGNAL PEPTIDASE I,1PN,Local Independent,1kn9,B,1b12,A
SIGNAL PEPTIDASE I,1PN,Local Coupled,1kn9,B,1b12,A
E3 UBIQUITIN-PROTEIN LIGASE NEDD4,2xCA,Local Independent,3b7y,B,3b7y,A
E3 UBIQUITIN-PROTEIN LIGASE NEDD4,2xCA,Local Coupled,3b7y,B,3b7y,A
MODULATOR OF DRUG ACTIVITY B,2xFAD,Local Coupled,2amj,CD,2b3d,AB
MODULATOR OF DRUG ACTIVITY B,2xFAD,Local Independent,2amj,CD,2b3d,AB
RNA URIDYLYL TRANSFERASE,"GTP,MG",Local Coupled,2q0d,B,2q0e,A
RNA URIDYLYL TRANSFERASE,"GTP,MG",Local Independent,2q0d,B,2q0e,A
PENICILLIN-BINDING PROTEIN 2X,OSU,Local Independent,1qme,A,1pyy,A
PENICILLIN-BINDING PROTEIN 2X,OSU,Local Coupled,1qme,A,1pyy,A
OROTIDINE 5'-PHOSPHATE DECARBOXYLASE,2xOMP,Local Independent,2zcg,AB,2za1,AB
OROTIDINE 5'-PHOSPHATE DECARBOXYLASE,2xOMP,Local Coupled,2zcg,AB,2za1,AB
COPROPORPHYRINOGEN III OXIDASE,6x0PA,Local Coupled,2qt8,AB,3dwr,AB
COPROPORPHYRINOGEN III OXIDASE,6x0PA,Local Independent,2qt8,AB,3dwr,AB
PHOSPHO-2-DEHYDRO-3-DEOXYHEPTONATE ALDOLASE,"2xDTY,2xMN",Local Coupled,1ofp,AB,1of6,EF
PHOSPHO-2-DEHYDRO-3-DEOXYHEPTONATE ALDOLASE,"2xDTY,2xMN",Local Independent,1ofp,AB,1of6,EF
UVRABC SYSTEM PROTEIN C,MN,Local Independent,2nrt,A,2nrz,B
ANTITHROMBIN,"NAG,NTP",Local Independent,1br8,L,1azx,I
PHEROMONE-BINDING PROTEIN,BOM,Local Independent,2fjy,B,1dqe,A
MUTANT AL2 6E7S9G,AIC,Local Independent,1h8n,A,1h8s,A
HISTONE H3 LYSINE 4 SPECIFIC METHYLTRANSFERASE,SAH,Local Independent,1h3i,A,1mt6,A
"6-HYDROXYMETHYL-7,8-DIHYDROPTERIN PYROPHOSPHOKINASE","AMP,HH2",Local Independent,1hka,A,1rao,A
UBIQUITIN CARBOXYL-TERMINAL HYDROLASE 7,PEPT(EKPSSS),Local Independent,2f1w,A,2fop,A
HYDROPHOBIN-1,ZN,Local Independent,2fz6,C,2fz6,B
NUCLEAR INCLUSION PROTEIN A,PEPT(TENLYFQSGT),Local Independent,1q31,B,1lvb,A
ASPARTYL-TRNA SYNTHETASE,"2xAMO,AMP",Local Independent,1l0w,AB,1g51,AB
SIALIC ACID BINDING IG-LIKE LECTIN 7,"GLC,NAG,SIA",Local Independent,1o7v,A,2hrl,A
AGRIN,CA,Local Independent,1pz9,B,1pz7,B
HTH-TYPE TRANSCRIPTIONAL REGULATOR BENM,3xBEZ,Local Independent,2f6p,AB,2f8d,AB
UNCHARACTERIZED PROTEIN,PG4,Local Independent,2pyq,C,2pyq,B
NICOTINIC ACID MONONUCLEOTIDE ADENYLYLTRANSFERASE,"CIT,NAD",Local Independent,1k4k,A,1k4m,B
PROTEIN TRAI,MG,Local Independent,2q7u,B,2q7t,A
INTEGRASE,2xMN,Local Independent,1vsm,AA,1vsf,AA
PROBABLE ATP-DEPENDENT RNA HELICASE P47,"ADP,MG",Local Independent,1xti,A,1xtj,A
MO25 PROTEIN,PEPT(DWEF),Local Independent,1upl,A,1upk,A
TETANUS NEUROTOXIN,"GAL,NGA",Local Independent,1a8d,A,1fv3,B
PEPTIDYL-GLYCINE ALPHA-AMIDATING MONOOXYGENASE,"2xCU,3xIYT",Local Independent,1yjl,A,1sdw,A
FERREDOXIN-LIKE PROTEIN OF UNKNOWN FUNCTION,2xNBZ,Local Independent,3bgu,BB,3bgu,AA
HYPOTHETICAL PROTEIN,2xPGE,Local Independent,2it9,CD,2it9,AB
DIPHTHERIA TOXIN REPRESSOR,2xZN,Local Independent,1p92,AA,1g3y,AA
CAPSID PROTEIN P24 (CA),FLC,Local Independent,2gol,D,2gon,D
CELLULAR RETINOIC ACID-BINDING PROTEIN 2,B3P,Local Independent,3d97,B,3d97,A
PUTATIVE STEROID ISOMERASE,LDA,Local Independent,2z7a,AB,2z76,AB
GLYCOPROTEIN IB ALPHA,NAG,Local Independent,1m0z,B,1qyy,G
LIPOATE-PROTEIN LIGASE A,LPA,Local Independent,1x2g,C,1x2h,A
HYPOTHETICAL PROTEIN TA0583,ADP,Local Independent,2fsj,A,2fsn,B
PHOSPHATIDYLINOSITOL 3-KINASE CATALYTIC SUBUNIT,GD9,Local Independent,1e8y,A,3dbs,A
PHYCOCYANOBILIN:FERREDOXIN OXIDOREDUCTASE,BLA,Local Independent,2dke,A,2d1e,A
HOMOSERINE DEHYDROGENASE,NAD,Local Independent,1ebu,AB,1ebf,AB
PROFILIN,PEPT(PPPPPPPP),Local Independent,2jkf,A,2jkg,A
PROBABLE ATP-DEPENDENT RNA HELICASE DDX58,ZN,Local Independent,2qfd,C,2qfb,H
VITAMIN B12 TRANSPORT PROTEIN BTUF,CNC,Local Independent,1n4d,A,1n4a,A
IROE PROTEIN,DFP,Local Independent,2gzr,A,2gzs,A
"NG,NG-DIMETHYLARGININE DIMETHYLAMINOHYDROLASE 1",ZN,Local Independent,2ci3,A,2ci6,A
FIBRILLIN-1,2xCA,Local Independent,1uzq,A,1uzj,C
HISF PROTEIN,UNL,Local Independent,1thf,D,2a0n,A
"2,3-DIKETO-5-METHYLTHIOPENTYL-1-PHOSPHATE ENOLASE",2xMG,Local Independent,2oej,AB,2oek,AB
XYLOGLUCANASE,"4xBGC,GAL,XYS",Local Independent,2jep,B,2jeq,A
INORGANIC PYROPHOSPHATASE,2xMG,Local Independent,2ik9,AB,1huj,AB
MEMBRANE ANTIGEN,FLC,Local Independent,2izp,B,2j9t,A
SERINE/THREONINE-PROTEIN KINASE PLK1,PEPT(LLCSTPN),Local Independent,1q4o,B,2ojs,A
CHLORIDE INTRACELLULAR CHANNEL PROTEIN 1,GTT,Local Independent,1k0m,B,1k0n,A
SPHINGOMYELIN PHOSPHODIESTERASE,CO,Local Independent,2uyr,X,2dds,A
TRANSLATION INITIATION FACTOR 2 GAMMA SUBUNIT,"GDP,3xPPV",Local Independent,2plf,A,2pmd,B
HYPOTHETICAL PROTEIN PH0822,ADP,Local Independent,2yx6,DD,2yx6,BC
JUVENILE HORMONE BINDING PROTEIN,NAG,Local Independent,2rck,A,2rck,B
L-ARGININE\:GLYCINE AMIDINOTRANSFERASE,2xARG,Local Independent,2jdw,AA,4jdw,AA
EXODEOXYRIBONUCLEASE I,"PEPT(DIPF),PEPT(IPF),MG",Local Independent,3c95,A,3c94,A
THIOESTERASE I,OCA,Local Independent,1ivn,A,1u8u,A
POLO-LIKE KINASE 1,ADP,Local Independent,3d5u,A,3d5w,A
FORMATE DEHYDROGENASE,2xPG4,Local Independent,2fss,BC,2j6i,AD
"3,4-DIHYDROXY-2-BUTANONE 4-PHOSPHATE SYNTHASE","2x5RP,2xZN",Local Independent,1pvw,CC,1snn,AB
RIBOSOME-INACTIVATING PROTEIN 3,ADE,Local Independent,2pqi,C,2pqj,C
PROGRAMMED CELL DEATH 6-INTERACTING PROTEIN,PEPT(DEEALKQLAEWVS),Local Independent,2oew,A,3c3o,A
METALLOREDUCTASE STEAP3,2xNAP,Local Independent,2vns,AB,2vq3,AB
ACETYL-COENZYME A CARBOXYLASE,"ACO,ADE",Local Independent,1od4,AA,1od2,AB
ANAEROBIC RIBONUCLEOTIDE-TRIPHOSPHATE REDUCTASE LARGE CHAIN,4xDCP,Local Independent,1h7b,AA,1h78,AA
EPHRIN RECEPTOR,ANP,Local Independent,2qo2,A,2qoq,A
BREAST CANCER TYPE 1 SUSCEPTIBILITY PROTEIN,PEPT(STSPTFNK),Local Independent,1t2u,A,1t15,A
HYPOTHETICAL 22.5 KDA PROTEIN IN TUB1-CPR3 INTERGENIC REGION,"ADE,CIT",Local Independent,1xe8,CC,1xe8,AB
PRECORRIN-2 C20-METHYLTRANSFERASE,2xSAH,Local Independent,2e0k,AB,2e0n,AB
ENDOGLUCANASE B,CA,Local Independent,1a3h,A,1qhz,A
HYALURONOGLUCOSAMINIDASE,"GCU,2xNAG",Local Independent,1fcq,A,1fcv,A
HIV-1 PROTEASE,A79,Local Independent,1g6l,A,1hvc,A
6-PHOSPHO-BETA-D-GALACTOSIDASE,BGP,Local Independent,1pbg,B,4pbg,A
PEPTIDE-N(4)-(N-ACETYL-BETA-D-GLUCOSAMINYL) ASPARAGINE AMIDASE F,"NAG,NDG",Local Independent,1pgs,A,1pnf,A
PHYTASE,IHP,Local Independent,1dkl,B,1dkq,A
GLYCOPROTEIN-FUCOSYLGALACTOSIDE ALPHA-N-ACETYLGALACTOSAMINYLTRANSFERASE,"2xAIG,2xMN,2xUDP",Local Independent,2pgy,AA,1r7y,AA
METALLO-BETA-LACTAMASE,2xZN,Local Independent,2znb,B,1a8t,B
DIHYDROPTEROATE SYNTHASE,PMM,Local Independent,2veg,B,2veg,A
DNA POLYMERASE BETA,MN,Local Independent,1rpl,A,1nom,A
UBIQUITIN,ZN,Local Independent,2znv,C,2zcc,B
LEUCYL-TRNA SYNTHETASE,MET,Local Independent,2ajg,B,2ajh,A
TRANSDUCIN-LIKE ENHANCER PROTEIN 1,PEPT(MWRPW),Local Independent,1gxr,AB,2ce9,CD
SYS-1 PROTEIN,PEPT(GDEVKVFR),Local Independent,3c2h,B,3c2g,B
HYALURONATE LYASE,"2xGC4,NAG",Local Independent,1f1s,A,1i8q,A
"DIPEPTIDYL AMINOPEPTIDASE IV, PUTATIVE",2xAIO,Local Independent,2d5l,AA,2eep,AA
PROTEIN YTNJ,"2xFMN,2xGLC",Local Independent,1tvl,AA,1yw1,AA
VIRULENCE SENSOR HISTIDINE KINASE PHOQ,RDC,Local Independent,3cgz,C,3cgy,A
UPF0341 PROTEIN YHIQ,SAH,Local Independent,2pgx,A,2oyr,A
MALONYL COA-ACYL CARRIER PROTEIN TRANSACYLASE,3xNI,Local Independent,2qj3,A,2qj3,B
ESCN,ADP,Local Independent,2obl,A,2obm,A
POP2,CA,Local Independent,1uoc,B,1uoc,A
PYRIDOXINE KINASE,ATP,Local Independent,2ddm,AB,2ddo,AB
LEUKOCIDIN F SUBUNIT,PC,Local Independent,2lkf,A,3lkf,A
DIACYLGLYCEROL KINASE DGKB,"ADP,MG",Local Independent,2qvl,A,2qv7,A
IDS-EPIMERASE,2xDTT,Local Independent,2hp3,AB,2hp0,AB
PHOSPHOHEPTOSE ISOMERASE,I22,Local Independent,2i2w,BC,2i22,BC
SUFC PROTEIN,"ADP,2xMG",Local Independent,2d2e,A,2d2f,A
CLAVAMINATE SYNTHASE 1,"AKG,FE,PCX",Local Independent,1ds0,A,1gvg,A
PROBABLE GALACTOKINASE,"GLA,MAP",Local Independent,2cz9,A,2dei,A
SYNAPTOTAGMIN IV,CA,Local Independent,1w16,A,1w15,A
NEUROTOXIN A,ZN,Local Independent,3bok,A,2ise,A
GTP-BINDING PROTEIN,GDP,Local Independent,2dwq,A,2dby,A
NEUROPILIN-1,PEPT(KPR),Local Independent,2orx,A,2orz,A
LYSOZYME,"GAL,2xNAG",Local Independent,1lyy,A,1re2,A
N-ACETYLGLUCOSAMINE-6-PHOSPHATE DEACETYLASE,2xZN,Local Independent,1ymy,AB,2p50,AB
PYOVERDINE BIOSYNTHESIS PROTEIN PVCA,2xPGE,Local Independent,3e59,D,3e59,B
SERINE/THREONINE-PROTEIN KINASE GCN2,2xATP,Local Independent,1zy4,AB,1zyd,AB
4F2 CELL-SURFACE ANTIGEN HEAVY CHAIN,ZN,Local Independent,2dh3,B,2dh3,A
PYRUVATE PHOSPHATE DIKINASE,"2xMG,2xPPR",Local Independent,1jde,AA,1kc7,AA
O-SUCCINYLBENZOATE SYNTHASE,"MG,OSB",Local Independent,2ofj,A,1fhv,A
PROGESTERONE 5-BETA-REDUCTASE,NAP,Local Independent,2v6f,A,2v6g,A
PENICILLIN-BINDING PROTEIN 1B,CEF,Local Independent,2bg1,A,2uwy,B
DNA TOPOISOMERASE I,A3P,Local Independent,1mw9,X,1cy0,A
LIPID-TRANSFER PROTEIN CERT,16C,Local Independent,2e3m,A,2e3p,B
"DHPS, DIHYDROPTEROATE SYNTHASE",2x680,Local Independent,1tws,BB,1tx2,AA
BETA-HEXOSAMINIDASE,OAN,Local Independent,1tr9,A,2oxn,A
DIPHOSPHATE--FRUCTOSE-6-PHOSPHATE 1-PHOSPHOTRANSFERASE,FBP,Local Independent,1kzh,AB,2f48,AB
"ENDO-1,4-BETA-D-XYLANASE","AHR,13xXYP,XYS",Local Independent,1xyf,AB,1v6u,AB
LIPOXYGENASE-1,FE,Local Independent,1f8n,A,2sbl,A
ALLANTOATE AMIDOHYDROLASE,"1AL,4xZN",Local Independent,2imo,AB,1z2l,AB
SERYL-TRNA SYNTHETASE,2xSSA,Local Independent,1sry,AB,1set,AB
YHCH PROTEIN,2xCU,Local Independent,1jop,BC,1s4c,BC
GLYCYLPEPTIDE N-TETRADECANOYLTRANSFERASE 1,CO,Local Independent,1rxt,B,1rxt,C
PUTATIVE ACETYLTRANSFERASE,MG,Local Independent,3c8v,AB,3c8v,CD
3-OXOACYL-[ACYL-CARRIER-PROTEIN] SYNTHASE 3,2xD1T,Local Independent,1u6e,AB,2qo0,AB
TYROSYL-DNA PHOSPHODIESTERASE 1,"DNA(TA),OTS,OTR",Local Independent,1qzq,A,1rg2,B
PUTATIVE MODIFICATION METHYLASE,2xSAM,Local Independent,2zig,AB,2zif,AB
"N(2),N(2)-DIMETHYLGUANOSINE TRNA METHYLTRANSFERASE",2xSAH,Local Independent,2dul,AA,2ytz,AB
ARGONAUTE PROTEIN,CA,Local Independent,2f8s,B,1yvu,A
GALACTOSE OXIDASE,"CA,GLC",Local Independent,1goh,A,1k3i,A
RNA DEPENDENT RNA POLYMERASE,JPC,Local Independent,1yuy,A,1yvz,A
GLYOXALASE FAMILY PROTEIN,2xMN,Local Independent,2p7l,EF,2p7p,AB
INTERLEUKIN-2,FRB,Local Independent,1m47,A,1pw6,B
PI-SCEI ENDONUCLEASE,ZN,Local Independent,1vde,B,1ef0,A
TYROSINE-PROTEIN PHOSPHATASE NON-RECEPTOR TYPE 22,561,Local Independent,2qct,B,2qct,A
PYROPHOSPHATE SYNTHASE,2xGRG,Local Independent,2ihi,AB,3cc9,AB
CHOLESTEROL ESTERASE,NAG,Local Independent,2bce,A,1akn,A
"RIBULOSE-1,5-BISPHOSPHATE CARBOXYLASE","MG,2xRUB",Local Independent,1rba,AB,9rub,AB
BOTULINUM NEUROTOXIN TYPE B,"GAL,SIA,ZN",Local Independent,1s0g,A,1f31,A
SERUM ALBUMIN,8xMYR,Other,1uor,A,1e7g,A
LYSOZYME,HED,Other,1t97,B,2f2q,A
BACTERIAL HEME BINDING PROTEIN,HEM,Other,2r7a,BD,2r7a,AC
FOCAL ADHESION KINASE 1,"C4C,ZN",Other,1k40,A,2ra7,A
TRANS-SIALIDASE,"DAN,LAT",Other,1ms3,A,1ms0,B
BETA LACTAMASE OXA-10,2xCO,Other,1ewz,AC,1fof,AB
TRNA (GUANINE-N(1)-)-METHYLTRANSFERASE,2xSAH,Other,1uaj,AA,1ual,AA
HYPOXIA-INDUCIBLE FACTOR 1 ALPHA INHIBITOR,"2xPEPT(QLTSYDCEVNAPI),2xZN,2xAKG",Other,1iz3,AA,3d8c,AA
SIGNAL SEQUENCE RECOGNITION PROTEIN FFH,GCP,Other,3ng1,B,2c04,A
AT-RICH INTERACTIVE DOMAIN-CONTAINING PROTEIN 1B,2xZN,Other,2cxy,A,2eh9,A
TNF RECEPTOR-ASSOCIATED FACTOR 6,PEPT(QMPTEDEY),Other,1lb4,A,1lb5,A
FLAVODOXIN,FMN,Other,1dx9,C,1rcf,A
STAPHYLOCOCCAL ACCESSORY REGULATOR A,2xCA,Other,2fnp,AB,2frh,AB
ADAPTER-RELATED PROTEIN COMPLEX 2 ALPHA 2 SUBUNIT,"PEPT(PKGWVTFE),PEPT(DGFKDSFD),BEN,DTD",Other,1qts,A,1w80,A
RENILLA-LUCIFERIN 2-MONOOXYGENASE,CEI,Other,2psf,A,2psj,A
RIBONUCLEASE HI,MN,Other,1kva,A,1wsf,A
PHOSPHOLIPASE A2,CA,Other,1bbc,A,1pod,A
HYPOTHETICAL PROTEIN HI0065,"ADP,MG",Other,1fl9,C,1htw,C
DOCKING PROTEIN 1,PEPT(TWIENKLYGM),Other,1p5t,A,1uef,A
CHYMOTRYPSIN INHIBITOR 3,NI,Other,2beb,B,2esu,A
RHO GDP-DISSOCIATION INHIBITOR 1,FLC,Other,2jhw,B,2jhs,A
DOCKING PROTEIN 1,2xPGE,Other,2v76,C,2v76,B
DIHYDROFOLATE REDUCTASE,FOL,Other,1pdb,A,1drf,A
RIBONUCLEASE,ZN,Other,1bnf,A,2f4y,C
HYPOTHETICAL PROTEIN 5,D10,Other,2cme,AB,2cme,EF
GLYCOLIPID TRANSFER PROTEIN,"EIC,GAL,OCT,SPH",Other,2evt,A,2evl,A
ADP-RIBOSYL CYCLASE 1,NAD,Other,1yh3,A,2i65,B
MEROZOITE SURFACE PROTEIN-1,HIS,Other,1n1i,A,1n1i,C
CADMIUM-SUBSTITUTED CALCIUM-BINDING PARVALBUMIN B,2xMG,Other,1cdp,AA,1b8c,AB
NON-STRUCTURAL PROTEIN 3,2xTLA,Other,3ejf,A,3eke,A
PROBABLE UTP-GLUCOSE-1-PHOSPHATE URIDYLYLTRANSFERASE 2,UPG,Other,2q4j,A,2icy,B
SORTING NEXIN-9,2xPIB,Other,2raj,AA,2rak,AA
CELL DIVISION PROTEIN FTSZ,GSP,Other,2rhh,A,2rho,A
146AA LONG HYPOTHETICAL TRANSCRIPTIONAL REGULATOR,2xZN,Other,2eb7,AA,2yr2,BB
"ENDO-BETA-1,4-XYLANASE",5xXYP,Other,1us3,A,1us2,A
ODORANT BINDING PROTEIN,2xSES,Buried ligand,1obp,AB,1pbo,AB
INTEGRIN ALPHA-M,MG,Buried ligand,1na5,A,1ido,A
TRP OPERON REPRESSOR,2xTRP,Buried ligand,3wrp,AA,2oz9,RR
MITE ALLERGEN DER F II,XPE,Buried ligand,2f08,D,1xwv,B
TRYPTOPHANYL-TRNA SYNTHETASE,"TRP,TYM",Buried ligand,2quk,AA,2quj,AB
REPLICASE POLYPROTEIN 1AB,APR,Buried ligand,2acf,B,2fav,B
NITROREDUCTASE-LIKE FAMILY PROTEIN,2xFMN,Buried ligand,2i7h,EF,2i7h,AB
SUPEROXIDE DISMUTASE,"2xCU,2xZN",Buried ligand,1ozt,MN,1spd,AB
HISTIDINOL-PHOSPHATE AMINOTRANSFERASE,2xPMP,Buried ligand,1uu0,CD,1uu2,AB
BETA-CRYPTOGEIN,CLR,Buried ligand,1beo,A,1lri,A
SUBTILISIN NOVO,2xCA,Buried ligand,2sbt,A,1ubn,A
BETA-GLUCOSIDASE,4xNTZ,Buried ligand,1hxj,AB,1v08,AB
T-CELL ECTO-ADP-RIBOSYLTRANSFERASE 2,BRT,Buried ligand,1gy0,A,1gxz,B
CARBONIC ANHYDRASE II,ZN,Buried ligand,1fqn,A,1xev,B
SODIUM/CALCIUM EXCHANGER 1,CA,Buried ligand,2qvk,A,2qvm,A
GLUCOSE-6-PHOSPHATE ISOMERASE,2xPA5,Buried ligand,1x8e,AB,1x82,AA
CHORISMATE MUTASE,2xMLT,Buried ligand,2qbv,AA,2vkl,AA
ACYLAMINO-ACID-RELEASING ENZYME,4NP,Buried ligand,2qzp,B,1ve7,A
LIPOATE-PROTEIN LIGASE A,"AMP,LPA,MG",Buried ligand,2c7i,A,2art,A
DRP35,2xCA,Buried ligand,2dg0,L,2dso,A
HYPOTHETICAL PROTEIN VIOE,4xPPY,Buried ligand,2zf3,CD,2zf4,AB
EGF-LIKE MODULE CONTAINING MUCIN-LIKE HORMONE RECEPTOR-LIKE 2 PRECURSOR,2xCA,Buried ligand,2box,A,2bo2,B
RIBONUCLEOTIDE REDUCTASE R2,4xFE,Buried ligand,2av8,AB,1pfr,AB
GLUCOSE PHOSPHATE ISOMERASE,2xPA5,Buried ligand,1jiq,AB,1nuh,AA
PSORIASIN,"2xCA,ZN",Buried ligand,1psr,AB,3psr,AB
GLUTAMATE [NMDA] RECEPTOR SUBUNIT 3B,DSN,Buried ligand,2rca,B,2rcb,A
METHYLTHIORIBOSE-1-PHOSPHATE ISOMERASE,2xMRU,Buried ligand,2yrf,AB,2yvk,AB
"2-HYDROXY-6-OXO-7-METHYLOCTA-2,4-DIENOATE HYDROLASE",2xIVA,Buried ligand,1iun,AB,1uk9,AA
PRECORRIN-8X METHYLMUTASE,2xCOJ,Buried ligand,1f2v,AA,1i1h,AA
OHCU DECARBOXYLASE,2xGUN,Buried ligand,2o70,CD,2o74,AB
CATION EFFLUX SYSTEM PROTEIN CUSF,CU,Buried ligand,2vb3,X,2vb2,X
AMINE OXIDASE,4xCU,Buried ligand,1avk,AA,1ui7,AB
SIALIDASE B,DAN,Buried ligand,2vw0,A,2vw1,A
SERINE HYDROLASE,HDS,Buried ligand,1evq,A,1qz3,A
URIDINE 5'-MONOPHOSPHATE SYNTHASE,2xBMP,Buried ligand,2eaw,AB,3bgg,AA
NON-SPECIFIC LIPID TRANSFER PROTEIN,DAO,Buried ligand,1mzl,A,1fk1,A
MALONAMIDASE E2,2xMLA,Buried ligand,1o9n,AB,1ocl,AB
CHALCONE--FLAVONONE ISOMERASE 1,DFV,Buried ligand,1jx1,A,1jx1,C
SEP-TRNA:CYS-TRNA SYNTHASE,2xPLP,Buried ligand,2e7i,BB,2e7j,AB
PYRIDOXAL PHOSPHATE PHOSPHATASE,"2xCA,2xPLP",Buried ligand,2oyc,AA,2p69,AA
"2,3-DIHYDROXYBENZOATE-AMP LIGASE","AMP,DBH",Buried ligand,1mdf,A,1md9,A
ARYLAMINE N-ACETYLTRANSFERASE,2xISZ,Buried ligand,1w5r,AB,1w6f,AB
SERYL-TRNA SYNTHETASE,2xSSA,Buried ligand,2zr3,AB,2dq0,AB
PHOSPHATIDYLETHANOLAMINE-BINDING PROTEIN 1,OPE,Buried ligand,2iqy,A,2iqx,C
SUPEROXIDE DISMUTASE [FE],2xFE,Buried ligand,2bkb,CD,1za5,AB
YM1 SECRETORY PROTEIN,GCS,Buried ligand,1vf8,A,1e9l,A
RUBREDOXIN,FE,Buried ligand,1fhm,A,1t9p,A
RIBOSE-5-PHOSPHATE ISOMERASE B,2xA6P,Buried ligand,1usl,AB,2vvo,CD
"CARNITINE O-PALMITOYLTRANSFERASE II, MITOCHONDRIAL",BUI,Buried ligand,2fyo,A,2fw3,A
STRICTOSIDINE SYNTHASE,TAR,Buried ligand,2fp8,B,2fp9,A
RIBOFLAVIN BIOSYNTHESIS PROTEIN RIBD,RP5,Buried ligand,2g6v,AB,2obc,AB
P-AMINOBENZOATE N-OXYGENASE,4NB,Buried ligand,3chi,AB,3cht,AB
3-OXOACYL-[ACYL-CARRIER-PROTEIN] SYNTHASE I,2xOCA,Buried ligand,2byw,CD,2bui,AB
CALCIUM-GATED POTASSIUM CHANNEL MTHK,2xCA,Buried ligand,2aej,AB,2aef,AB
P2 PROTEIN,MN,Buried ligand,1wac,A,1hhs,B
TROPONIN C,2xCA,Buried ligand,1ncz,A,5tnc,A
CARBOXYPEPTIDASE A,ZN,Buried ligand,1arl,A,1cpx,A
SH3 AND MULTIPLE ANKYRIN REPEAT DOMAINS 3,ZN,Buried ligand,2f3n,A,2f44,B
INDOLE-3-GLYCEROL PHOSPHATE SYNTHASE,137,Buried ligand,1juk,A,1lbl,A
10-FORMYLTETRAHYDROFOLATE DEHYDROGENASE,ZZZ,Buried ligand,2bw0,A,2cfi,A
PROBABLE 2-PHOSPHOSULFOLACTATE PHOSPHATASE,2xDMR,Buried ligand,2yyv,AB,2yzo,AB
"L,D-TRANSPEPTIDASE",ZN,Buried ligand,2hkl,B,1zat,A
TRYPTOPHAN HALOGENASE,"ADN,FAD,2xTRP",Buried ligand,2oam,AB,2oa1,AB
3-METHYLASPARTATE AMMONIA-LYASE,"2x3MD,2xMG",Buried ligand,1kko,AB,1kkr,AB
34 KDA MEMBRANE ANTIGEN,3xZN,Buried ligand,2o6f,AB,2o6e,AB
CATECHOL OXIDASE,"2xCU,URS",Buried ligand,1bt2,B,1bug,A
RUBRERYTHRIN,"4xFE,2xZN",Buried ligand,1lkp,AA,1dvb,AA
ASTACIN,CU,Buried ligand,1iad,A,1iaa,A
GLYCEROPHOSPHORYL DIESTER PHOSPHODIESTERASE,ZN,Buried ligand,2p76,D,2oog,F
JMJC DOMAIN-CONTAINING HISTONE DEMETHYLATION PROTEIN 1A,AKG,Buried ligand,2yu2,A,2yu1,A
COCAINE ESTERASE,BEZ,Buried ligand,1l7r,A,1ju4,A
EXO-BETA-D-GLUCOSAMINIDASE,GCS,Buried ligand,2vzo,B,2vzs,A
DESULFOREDOXIN,2xFE,Buried ligand,1dcd,AB,1dxg,AB
EPOXIDE HYDROLASE EPHB,BSU,Buried ligand,2e3j,A,2zjf,A
D7R4 PROTEIN,LNR,Buried ligand,2qev,A,2qeo,B
SHORT-CHAIN Z-ISOPRENYL DIPHOSPHATE SYNTHETASE,2xGPP,Buried ligand,2vfw,AB,2vg0,AB
BETA-HYDROXYDECANOYL THIOL ESTER DEHYDRASE,2xDAC,Buried ligand,1mkb,AB,1mka,AB
GLYOXALASE I,2xNI,Buried ligand,1fa8,AB,1f9z,AB
HYDROXYNITRILE LYASE,2xHIS,Buried ligand,3c6y,AA,1yas,AA
ERMC' RRNA METHYLTRANSFERASE,SFG,Buried ligand,1qam,A,1qaq,A
LIPASE A,PG4,Buried ligand,2veo,B,2veo,A
BICARBONATE TRANSPORTER,CA,Buried ligand,2i49,A,2i4c,A
PKS18,2xMYR,Buried ligand,1tee,CD,1ted,CD
ISOPENTENYL-DIPHOSPHATE DELTA-ISOMERASE,MG,Buried ligand,1hzt,A,1r67,A
SPORE COAT PROTEIN A,4xCU,Buried ligand,1hl0,A,1w8e,A
ALDOSE 1-EPIMERASE,GAL,Buried ligand,1snz,B,1so0,A
HYPOTHETICAL PROTEIN SLR1257,2xGLU,Buried ligand,1iiw,AA,1ii5,AA
METHIONINE AMINOPEPTIDASE 1,2xCO,Buried ligand,2b3l,A,2b3h,A
PHENYLALANINE-4-HYDROXYLASE,2xFE,Buried ligand,2v28,AB,2v27,AB
ESTERASE,2xDEP,Buried ligand,1esc,AA,1ese,AA
ADP-RIBOSYLGLYCOHYDROLASE,2xMG,Buried ligand,2cwc,A,2yzv,A
NUCLEOSIDE 2-DEOXYRIBOSYLTRANSFERASE,2x12M,Buried ligand,2a0k,AB,2f62,AB
XAA-PRO DIPEPTIDASE,4xMN,Buried ligand,2iw2,AB,2okn,AB
180AA LONG HYPOTHETICAL PYRAZINAMIDASE/NICOTINAMIDASE,ZN,Buried ligand,1ilw,A,1im5,A
RIBOSOME BIOGENESIS PROTEIN NEP1-LIKE,2xSFG,Buried ligand,3bbe,AB,3bbh,AB
NICOTINATE-NUCLEOTIDE--DIMETHYLBENZIMIDAZOLE PHOSPHORIBOSYLTRANSFERASE,"2x7RP,2xNIO",Buried ligand,1l5n,AA,1l5l,AA
ESTERASE YBFF,MLA,Buried ligand,3bf7,A,3bf8,B
"GLUCOSE-6-PHOSPHATE ISOMERASE, CONJECTURAL",2xPA5,Buried ligand,1tzb,AB,1tzc,AB
DIHYDROXYACETONE KINASE,2xG3H,Buried ligand,1oi2,AB,1uod,AB
325AA LONG HYPOTHETICAL PROTEIN,2xF1P,Buried ligand,2dec,AB,2df8,AB
LIPOCALIN,HSM,Buried ligand,3bu9,A,3bu1,A
AECTYLCITRULLINE DEACETYLASE,2xCO,Buried ligand,2f8h,AA,2f7v,AA
LIPOYLTRANSFERASE,OC9,Buried ligand,2qht,A,2qhv,A
RIBOSE 5-PHOSPHATE ISOMERASE,2x5RP,Buried ligand,1uj4,AA,1uj5,AA
EPIDERMAL GROWTH FACTOR RECEPTOR,AEE,No significant,1m14,A,2itp,A
TALIN,PEPT(GSHAWDTAN),No significant,1mix,A,1miz,B
NUDIX HOMOLOG,2xNI,No significant,1jrk,CD,1k2e,AB
CELL DIVISION PROTEIN FTSZ HOMOLOG 1,GTP,No significant,1w59,B,1w5e,E
MONO-ADP-RIBOSYLTRANSFERASE C3,NAD,No significant,1g24,C,1gzf,B
CHROMOSOME PARTITIONING PROTEIN PARB,2xCO,No significant,1vz0,BG,1vz0,AC
CHORISMATE MUTASE,TRP,No significant,2f6l,AB,2ao2,BC
AMYLOID BETA A4 PROTEIN-BINDING FAMILY B MEMBER 1,PEPT(PPPPPPLPP),No significant,2idh,D,2oei,A
TAX1-BINDING PROTEIN 3,PEPT(QLAWFDTDL),No significant,3dj1,A,3diw,A
CTD SMALL PHOSPHATASE-LIKE PROTEIN,2xKEG,No significant,2hhl,B,2hhl,A
NON-CATALYTIC PROTEIN 1,"4xBGC,CO,GLC",No significant,1w90,A,1gwm,A
HEPARIN-BINDING GROWTH FACTOR 1,SCR,No significant,2j3p,A,2uus,A
CUA,ZN,No significant,2cua,A,2cua,B
SMALL INDUCIBLE CYTOKINE A5,H3S,No significant,1u4r,AB,1u4m,AB
RIBONUCLEASE III,2xMG,No significant,1i4s,AB,1rc5,CD
PCF11 PROTEIN,PEPT(PSYSPTSPS),No significant,1sza,C,1sza,B
DNA POLYMERASE III,PEPT(RQLVLGL),No significant,1mmi,AB,1ok7,AB
PEROXISOMAL MEMBRANE PROTEIN PAS20,PEPT(MPPTLPHRDW),No significant,1jqq,D,1n5z,A
HIGH-AFFINITY BRANCHED CHAIN AMINO ACID TRANSPORT ATP-BINDING PROTEIN,ADP,No significant,1gaj,A,1g6h,A
GAMMA-AMINOBUTYRIC ACID RECEPTOR-ASSOCIATED PROTEIN,PEPT(DATYTWEHLAWP),No significant,1gnu,A,3d32,B
GALECTIN-7,"GAL,GLC",No significant,5gal,A,4gal,B
ALANINE DEHYDROGENASE,2xNAD,No significant,1vll,AB,1omo,AB
ESCU,PRO,No significant,3bzt,A,3c03,A
ACETOIN UTILIZATION PROTEIN,CA,No significant,2q04,E,2q04,C
RICIN,RNA(GD),No significant,1il5,B,1apg,A
PEPTIDYL-TRNA HYDROLASE,ZN,No significant,1wn2,AA,2d3k,AB
ADHESION A,FLC,No significant,2gkq,A,2avr,X
HYPOTHETICAL PROTEIN PH1109,COA,No significant,2d59,A,2d5a,A
DNA POLYMERASE,NI,No significant,1wns,A,1wn7,A
TOPRIM DOMAIN-CONTAINING PROTEIN,MG,No significant,2fcj,C,2i5r,B
PLATELET-ACTIVATING FACTOR ACETYLHYDROLASE IB ALPHA SUBUNIT,BEZ,No significant,1uuj,AB,1uuj,CD
HEAT-SHOCK TRANSCRIPTION FACTOR,RNA(NNNN),No significant,2hts,A,1fyk,A
3-PHOSPHOINOSITIDE DEPENDENT PROTEIN KINASE-1,4IP,No significant,1w1h,B,1w1d,A
HEAT SHOCK PROTEIN 90,CXZ,No significant,1yes,A,3bmy,A
THIOREDOXIN,CU,No significant,2h74,B,1tho,A
ALPHA-AMYLASE G-6,2xGLC,No significant,2c3g,A,2c3h,B
PEPTIDYL-PROLYL CIS-TRANS ISOMERASE-LIKE 3,"BMT,2xMLE,MVA",No significant,2ok3,A,2oju,B
SOLUBLE CYTOCHROME B562,HEM,No significant,1m6t,A,1lm3,D
CARBOXYMETHYLATED RHODANESE,LPA,No significant,1orb,A,1dp2,A
CHEMOTAXIS PROTEIN CHEY,PEPT(SILSQAEIDALLN),No significant,1u8t,C,1u8t,B
ENTEROCINE A IMMUNITY PROTEIN,FLC,No significant,2bl7,A,2bl8,B
PEPTIDE N-GLYCANASE HOMOLOG,PEPT(DDLYG),No significant,2ccq,A,2hpl,A
SPLICING FACTOR 45,PEPT(KRKSRWDETP),No significant,2pe8,A,2peh,A
PUTATIVE CORONAVIRUS NSP2 (3CL-PRO),PEPT(VNSTLQ),No significant,1p9u,A,1p9u,B
ALGINATE LYASE,"BEM,2xLGU,MAW",No significant,2z42,A,2zaa,A
HEPATOCYTE GROWTH FACTOR,"IDS,3xSGN",No significant,1nk1,AB,1gmo,EF
RADIXIN,PEPT(QKKKLVING),No significant,2d2q,B,2zpy,A
ACYL CARRIER PROTEIN,PM8,No significant,1l0h,A,2fae,A
CUTINASE,DFP,No significant,1xze,A,1xzk,A
WD-REPEAT PROTEIN 5,PEPT(ARTKQ),No significant,2h68,B,2g9a,A
GLGA GLYCOGEN SYNTHASE,GLC,No significant,2bis,B,2bis,A
CELL DIVISION PROTEIN ZIPA,WAI,No significant,1f46,A,1y2f,A
ALPHA-AMYLASE G-6,6xGLC,No significant,2c3v,B,2c3w,B
RESPONSE REGULATOR RCP1,MN,No significant,1i3c,AB,1jlk,AB
AEROLYSIN,2xM6P,No significant,1z52,AB,3c0o,AB
PROFILIN,PEPT(PPPPPPPPPP),No significant,1fil,A,1awi,A
GUANINE NUCLEOTIDE DISSOCIATION INHIBITOR,GER,No significant,1gnd,A,1lv0,A
ALANYL-TRNA SYNTHETASE,"ATP,2xMG",No significant,1yft,A,1yfr,B
STRINGENT STARVATION PROTEIN B,3xPEPT(AANDENYA),No significant,1ox8,AB,1ox9,CD
FLAVIN REDUCTASE (HPAC) OF 4- HYDROXYPHENYLACETATE 3-MONOOXYGENAE,"2xFAD,2xNAD",No significant,2ecr,AB,2ed4,AB
HPV11 REGULATORY PROTEIN E2,2x434,No significant,1r6k,A,1r6n,A
FK506-BINDING PROTEIN 4,PEPT(MEEVD),No significant,1p5q,B,1qz2,B
ADP-RIBOSYLATION FACTOR BINDING PROTEIN GGA1,PEPT(DLLHI),No significant,1jwf,A,1jwg,B
NICOTINAMIDE PHOSPHORIBOSYLTRANSFERASE,2xNMN,No significant,2gvl,AB,2gvg,AC
M32 CARBOXYPEPTIDASE,2xMG,No significant,1k9x,BC,1ka2,AA
"ENDO-1,4-BETA-XYLANASE A",5xXYP,No significant,2dcz,B,2qz3,B
PROLINE IMINOPEPTIDASE,2xPRO,No significant,1xqv,A,1xrr,A
BOVINE GALECTIN-1,"GAL,NAG",No significant,1slc,CD,1slb,CD
TDP-FUCOSAMINE ACETYLTRANSFERASE,2xACO,No significant,2fs5,AB,2ft0,AB
DUAL SPECIFICITY PHOSPHATASE-LIKE 15 ISOFORM A,BOG,No significant,1yz4,B,1yz4,A
PHOSPHOLIPASE A2,CA,No significant,1lwb,A,1kp4,A
"ENDO-1,4-BETA-D-XYLANASE",9xXYS,No significant,2d1z,B,2d24,A
PUTATIVE METHYLTRANSFERASE,SAM,No significant,2ckd,A,2uyq,A
50S RIBOSOMAL PROTEIN L9,ZN,No significant,2hvf,A,2hba,B
THAUMATIN I,TAR,No significant,1pp3,A,2oqn,A
PSP OPERON TRANSCRIPTIONAL ACTIVATOR,ATP,No significant,2bjw,A,2c9c,A
GRIFFITHSIN,7xGLC,No significant,2gty,AB,2hyr,AB
NUCLEAR PORE COMPLEX PROTEIN NUP98,PEPT(YGL),No significant,2q5x,A,2q5y,A
"ENDO-1,4-BETA-XYLANASE A",2xXYP,No significant,1knl,A,1mc9,A
"ALPHA-D-GLUCOSE-1,6-BISPHOSPHATE",MG,No significant,1lxt,B,3pmg,A
SUCCINOGLYCAN BIOSYNTHESIS PROTEIN,CA,No significant,2rad,B,3b55,A
HYPOTHETICAL PROTEIN YODA,2xZN,No significant,1oee,A,1oek,A
CARNITINE ACETYLTRANSFERASE,COA,No significant,1t7n,A,1ndi,A
PROBABLE F420-DEPENDENT GLUCOSE-6-PHOSPHATE DEHYDROGENASE FGD1,"2xF42,2xFLC",No significant,3c8n,AB,3b4y,AB
DUAL SPECIFICITY PROTEIN PHOSPHATASE 3,PEPT(DDEATGYVATR),No significant,1vhr,B,1j4x,A
SIALIC ACID-BINDING IG-LIKE LECTIN 5,SIA,No significant,2zg2,A,2zg1,A
HEAT RESISTANT RNA DEPENDENT ATPASE,"2xAMP,3xCA",No significant,2gxu,AA,2gxs,AB
BILIVERDIN REDUCTASE A,2xNAD,No significant,1gcu,A,1lc3,A
ACETYLCHOLINESTERASE,"2xA2E,3xNAG",No significant,1qim,AA,1zgc,AB
APOLIPOPROTEIN,ACA,No significant,4kiv,A,3kiv,A
"ATP SYNTHASE SUBUNIT S, MITOCHONDRIAL",PA0,No significant,3e2j,D,3e3z,A
PECTATE LYASE,"3xADA,CA",No significant,1gxm,A,1gxo,A
NEOCARZINOSTATIN,2xTH2,No significant,2cbm,A,2cbo,A
INOSITOL POLYPHOSPHATE MULTIKINASE,"ADP,MN",No significant,2if8,B,2if8,A
VIRGINIAMYCIN B LYASE,"DOL,2xMG,SYB",No significant,2z2n,A,2z2p,B
ADRENODOXIN 1,RUA,No significant,1ayf,B,2bt6,B
"FRUCTOSE-2,6-BISPHOSPHATASE",2xGTP,No significant,1fbt,AB,1c80,AB
DIHYDROFOLATE REDUCTASE,"2xMTX,2xNDP",No significant,1cz3,AB,1d1g,AB
KELCH-LIKE ECH-ASSOCIATED PROTEIN 1,PEPT(LDEETGEFL),No significant,1x2j,A,1x2r,A
E3 UBIQUITIN-PROTEIN LIGASE UHRF1,UNL,No significant,3dwh,A,3bi7,A
QUINOLINATE ACID PHOSPHORIBOSYL TRANSFERASE,"2xPHT,2xPPC",No significant,1qpo,AB,1qpr,EF
SYNAPSE ASSOCIATED PROTEIN 97,PEPT(ATGL),No significant,2awx,A,2g2l,A
AGGLUTININ ISOLECTIN 1,"2xNAG,5xNDG",No significant,1wgc,AA,2uvo,AB
HELIX-TURN-HELIX MOTIF,2xCIT,No significant,2a6c,AA,2a6c,BB
HISTONE HMFB,2xZN,No significant,1b6w,AA,1a7w,AA
SUN PROTEIN,SAM,No significant,1sqg,A,1sqf,A
MYO-INOSITOL HEXAPHOSPHATE PHOSPHOHYDROLASE,2xIHS,No significant,1u24,B,1u26,A
"1,3-1,4-BETA-GLUCANASE","BGC,CA,GLC",No significant,1glh,A,1byh,A
GLUCOSAMINE 6-PHOSPHATE N-ACETYLTRANSFERASE,"16G,2xCOA",No significant,2huz,AB,2o28,AB
L-3-HYDROXYACYL-COA DEHYDROGENASE,3HC,No significant,1f14,AB,1f12,AB
DNA LIGASE-LIKE PROTEIN RV0938/MT0965,"DGT,MN",No significant,2iru,A,2iry,B
FERROCHELATASE,MMP,No significant,2h1v,A,1c1h,A
PROTEIN CYAY,CO,No significant,1ew4,A,2eff,A
COENZYME F420H2:NADP+ OXIDOREDUCTASE (FNO),"2xF42,2xNAP",No significant,1jax,AB,1jay,AB
SEGREGATION PROTEIN,"2xADP,2xMG",No significant,1wcv,11,2bej,AA
D-ALANYL-D-ALANINE CARBOXYPEPTIDASE,NCF,No significant,1w79,D,1w8y,B
AVIRULENCE B PROTEIN,ADP,No significant,1nh1,A,2nun,A
FACT COMPLEX SUBUNIT SPT16,B3P,No significant,3cb6,A,3cb5,A
HYPOTHETICAL PROTEIN YDCE,BEZ,No significant,1gyj,AB,1gyx,AB
MANNOSE/GLUCOSE-SPECIFIC LECTIN,6xXMM,No significant,1zgr,AB,1zgs,AB
PROTEIN KINASE C INTERACTING PROTEIN,2xAMP,No significant,1kpc,AB,1kpf,AA
AMINOADIPATE-SEMIALDEHYDE DEHYDROGENASE- PHOSPHOPANTETHEINYL TRANSFERASE,"COA,MG",No significant,2byd,A,2c43,A
METHIONINE REPRESSOR PROTEIN METJ,2xSAM,No significant,1cmb,AB,1mjl,AB
LYSOZYME,"AMV,DGL,NAG",No significant,1h09,A,2j8g,A
CHEMOTAXIS PROTEIN MOTB,AMU,No significant,3cyp,BC,3cyq,KL
PUTATIVE DIOXYGENASE,CIT,No significant,2nyh,AB,2p8i,CD
FATTY ACID SYNTHASE,COA,No significant,2jfd,A,2jfk,D
MRNA CAPPING ENZYME,GTG,No significant,1ri5,A,1ri2,A
ALPHA-11 GIARDIN,CA,No significant,2ii2,A,2iic,B
SULFOLOBUS SOLFATARICUS PROTEIN TYROSINE PHOSPHATASE,4NP,No significant,2i6i,A,2i6p,A
PROTEASE,AB1,No significant,1tw7,AB,1rv7,AB
NEUROTOXIN ALPHA-IT,DR8,No significant,2atb,B,2asc,A
CHAPERONE PROTEIN HCHA,2xZN,No significant,1n57,AA,1ons,AA
70-KDA SOLUBLE LYTIC TRANSGLYCOSYLASE,BLG,No significant,1qsa,A,1sly,A
NH(3)-DEPENDENT NAD(+) SYNTHETASE,"2xATP,2xDND",No significant,1xnh,AA,1xng,AB
LETHAL(3)MALIGNANT BRAIN TUMOR-LIKE 2 PROTEIN,MLZ,No significant,3cey,B,3dbb,A
CAPSID PROTEIN,2xFUC,No significant,2obr,AA,2obt,AA
PAPAIN,"LYM,TOS",No significant,1ppn,A,4pad,A
THREONYL-TRNA SYNTHETASE,SSA,No significant,1tje,A,1tkg,A
HEAT SHOCK PROTEIN 90,2xADP,No significant,1ah6,AA,1amw,AA
GALECTIN-9,"A2G,GAL,NGA",No significant,2eak,B,2eal,B
ISOLEUCYL-TRNA SYNTHETASE,VMS,No significant,1wny,A,1wk8,B
5-METHYLTETRAHYDROFOLATE CORRINOID/IRON SULFUR PROTEIN METHYLTRANSFERASE,"2xC2F,CA",No significant,1f6y,AB,2ogy,AB
ADP-RIBOSYLATION FACTOR BINDING PROTEIN GGA1,PEPT(DDFGGFEAAET),No significant,1na8,B,1om9,A
GLUCOAMYLASE,2xACR,No significant,1ayx,A,2f6d,A
EOSINOPHIL GRANULE MAJOR BASIC PROTEIN 1,SGN,No significant,1h8u,B,2brs,B
RIBONUCLEASE MC,MN,No significant,1bk7,A,1ucg,A
HISTIDINOL DEHYDROGENASE,"DTT,HSO,2xNAD,2xZN",No significant,1k75,AB,1kae,AB
RIBONUCLEASE II FAMILY PROTEIN,MG,No significant,2r7f,A,2r7d,A
ENDO-BETA-N-ACETYLGLUCOSAMINIDASE H,ZN,No significant,1c3f,A,1c8y,A
PUTATIVE DINUCLEOTIDE-BINDING OXIDOREDUCTASE,NAP,No significant,2raf,CC,2raf,AB
DEACETOXYCEPHALOSPORIN C SYNTHASE,"FE,P1C",No significant,1w28,A,1w2o,A
3-HYDROXY-3-METHYLGLUTARYL-COENZYME A REDUCTASE,LVA,No significant,1r7i,AB,1t02,AB
HYPOTHETICAL UPF0052 PROTEIN BH3568,2xNAD,No significant,2hzb,CD,2o2z,CD
MITOTIC SPINDLE ASSEMBLY CHECKPOINT PROTEIN  MAD2A,PE3,No significant,2vfx,D,2vfx,F
RNA-BINDING PROTEIN 16,PEPT(YP),No significant,3d9i,B,3d9p,A
HYPOTHETICAL TRNA/RRNA METHYLTRANSFERASE HI0766,2xSAH,No significant,1j85,AA,1mxi,AA
PHOSPHATIDYLINOSITOL-SPECIFIC PHOSPHOLIPASE C,MYG,No significant,4ptd,A,1gym,A
COPPER HOMEOSTASIS PROTEIN CUTC,CA,No significant,1twd,AB,1x8c,AB
AEROBIC RESPIRATION CONTROL SENSOR PROTEIN ARCB,ZN,No significant,1bdj,B,2a0b,A
"TRANSPOSASE, PUTATIVE",2xMN,No significant,2f5g,AB,2f4f,AB
PECTIN METHYLESTERASE,"ADA,3xM8C",No significant,1qjv,A,2nt9,A
PROTEIN TM_1862,CXS,No significant,2qgq,G,2qgq,A
AKAP18 DELTA,AMP,No significant,2vfy,A,2vfk,A
MALATE OXIDOREDUCTASE,2xNAD,No significant,1ww8,AB,2dvm,AB
ENTEROCHELIN ESTERASE,2xCIT,No significant,3c8h,CD,3c8d,CD
SYNTENIN 1,"PEPT(NEFYA),PEPT(TNEFYA)",No significant,1r6j,A,1oby,A
EPIDERMOLYTIC TOXIN A,GLY,No significant,1agj,A,1exf,A
TT0826,DTT,No significant,1v8q,C,1v8q,D
CHITOSANASE,"GCS,NAG",No significant,2d05,A,1qgi,A
LONG-CHAIN FATTY ACID TRANSPORT PROTEIN,3xC8E,No significant,2r88,A,2r8a,A
STAGE V SPORULATION PROTEIN S (SPOVS) RELATED PROTEIN,ZN,No significant,2eh1,A,2eh1,B
NUCLEAR TRANSPORT FACTOR 2,"PEPT(GFSF),PEPT(FSF)",No significant,1gy7,CD,1gyb,CD
ENDOGLUCANASE,CBI,No significant,1l8f,A,1oa7,A
PROBABLE ATP-DEPENDENT DNA LIGASE,"ATP,2xMN",No significant,2fao,A,2faq,B
DNA-(APURINIC OR APYRIMIDINIC SITE) LYASE,MG,No significant,1e9n,B,2isi,B
METHIONINE AMINOPEPTIDASE,"PEPT(AL),AHH,2xCO",No significant,4mat,A,3mat,A
TYROSINE-PROTEIN PHOSPHATASE YIL113W,"MG,PTR",No significant,2j16,B,2j17,A
KETOHEXOKINASE,"2xANP,2xFRU",No significant,2hqq,AA,2hw1,AA
OUTER MEMBRANE PROTEIN X,C8E,No significant,1qj9,A,1qj8,A
CDC14B2 PHOSPHATASE,PEPT(ASP),No significant,1ohd,A,1ohe,A
WERNER SYNDROME HELICASE,"DGP,MN",No significant,2fbt,A,2fc0,A
PROLYL ENDOPEPTIDASE,"PRO,SIN",No significant,1vz2,A,1o6g,A
E3 UBIQUITIN-PROTEIN LIGASE UHRF1,PEPT(RKS),No significant,3db4,A,3db3,A
COAGULATION FACTOR V,PHG,No significant,1czt,A,1czs,A
DISULFIDE OXIDOREDUCTASE,PEPT(XXXXXXXX),No significant,2rem,A,2rem,C
PREPROTEIN TRANSLOCASE SECA 1 SUBUNIT,"2xADP,MG",No significant,1nl3,AB,1nkt,AB
DNA INTEGRITY SCANNING PROTEIN DISA,2BA,No significant,3c1z,A,3c1y,B
BETA FRUCTOSIDASE,"CIT,GLA,SUC",No significant,1uyp,D,1w2t,A
DELTA1-PIPERIDEINE-2-CARBOXYLATE REDUCTASE,"2xNDP,2xPYC",No significant,1wtj,AB,2cwh,AB
YCGJ PROTEIN,SAM,No significant,1xxl,A,2glu,B
T-CELL IMMUNOGLOBULIN AND MUCIN DOMAIN- CONTAINING PROTEIN 4,PSF,No significant,3bi9,X,3bib,X
EPOXIDE HYDROLASE,2xCDU,No significant,1cqz,AB,1ek2,AB
GLUCURONOSYLTRANSFERASE GUMK,UDP,No significant,2hy7,A,2q6v,A
RIBONUCLEASE HIII,MN,No significant,2d0a,A,2d0c,A
ENDOCHITINASE,H33,No significant,2uy2,A,2uy3,A
LYSINE BIOSYNTHESIS ENZYME,2xADP,No significant,1uc8,AB,1uc9,AB
SQUALENE-HOPENE CYCLASE,4xC8E,No significant,3sqc,A,2sqc,A
HISTDINE ACID PHOSPHATASE,2x2T3,No significant,2glb,AA,2p36,AA
FORMATE ACETYLTRANSFERASE 1,"2xCOA,4xDTL,6xPG4",No significant,2pfl,AB,1h16,AA
POLY(ADP-RIBOSE) POLYMERASE,BZC,No significant,2paw,A,1efy,A
UNCHARACTERIZED PROTEIN AT2G37210/T2N18.3,MG,No significant,2q4o,AB,2a33,AB
GLUCOAMYLASE,ACR,No significant,1lf6,B,1lf9,A
COPPER TRANSPORT PROTEIN ATOX1,SUC,No significant,1fe4,AB,1fee,AB
CURA,ACO,No significant,2ree,B,2ref,A
UROPORPHYRINOGEN DECARBOXYLASE,2xCP3,No significant,2q6z,AA,2q71,AA
HYPOTHETICAL PROTEIN AQ_1549,2xDTT,No significant,2egt,AA,2e8e,AA
"CELLULOSE 1,4-BETA-CELLOBIOSIDASE","2xCA,CTT",No significant,1ut9,A,1rq5,A
65 KDA VIRULENCE PROTEIN,NAD,No significant,2gwm,A,2gwl,A
HOMER 2B,PHE,No significant,1i7a,C,1i7a,D
GREEN FLUORESCENT PROTEIN,2xMG,No significant,1qyo,A,1jbz,A
OUTER MEMBRANE PROTEIN W,"C8E,LDA",No significant,2f1v,B,2f1t,C
HYPOTHETICAL PROTEIN PH0236,2xCA,No significant,2bkn,AA,2bko,AA
DEXTRANASE,"BGC,GLC",No significant,1ogm,X,1ogo,X
OUTER SURFACE PROTEIN C,ZN,No significant,1f1m,AB,1f1m,CD
BIPHENYL DIOXYGENASE FERREDOXIN SUBUNIT,TRE,No significant,2e4p,B,2e4p,A
PHOSPHATASE,VA3,No significant,1ebb,A,1h2f,A
F17-AG LECTIN,NAG,No significant,1o9z,A,1o9w,A
14.3.D T CELL RECEPTOR BETA CHAIN,ZN,No significant,1l0x,A,1l0y,C
3-METHYLADENINE DNA-GLYCOSYLASE,MBO,No significant,2jhj,A,2jhn,B
THYMIDYLATE KINASE,3xTMP,No significant,2cck,AB,2ccj,AB
TRNA DELTA(2)-ISOPENTENYLPYROPHOSPHATE TRANSFERASE,DPO,No significant,3crm,A,3crq,A
PECTATE LYASE C,"4xADA,CA",No significant,1plu,A,2ewe,A
UNCHARACTERIZED PROTEIN MJ1062,PG6,No significant,3eo4,CD,3eo4,AB
GLYCOGENIN-1,"2xMN,2xUPG",No significant,1ll3,AA,1ll2,AA
DESIGNED PROTEIN CTPR2,IPT,No significant,1na3,A,1na3,B
PHENYLALANINE-4-HYDROXYLASE,"FE,HBI",No significant,1ltu,A,1ltz,A
PLATELET-ACTIVATING FACTOR ACETYLHYDROLASE,DEP,No significant,3d59,B,3d5e,B
HDLP (HISTONE DEACETYLASE-LIKE PROTEIN),"TSN,ZN",No significant,1c3p,A,1c3r,B
BETA-N-ACETYLHEXOSAMINIDASE,CBS,No significant,1qba,A,1c7s,A
ALDOSE 1-EPIMERASE,2xGLC,No significant,1l7j,AB,1mmu,AB
APOLIPOPROTEIN D,STR,No significant,2hzr,A,2hzq,A
PROPIONATE KINASE,2xB4P,No significant,2e1y,AA,2e20,AA
DYSTROPHIN,PEPT(NMTPYRSPPPYVP),No significant,1eg3,A,1eg4,A
UNDECAPRENYL PYROPHOSPHATE SYNTHASE,DPO,No significant,2d2r,AB,2dtn,AB
BIRA BIFUNCTIONAL PROTEIN,BTN,No significant,1bia,A,1bib,A
CD44 ANTIGEN,"2xBDP,3xNAG",No significant,2jcp,A,2jcr,A
GLUTAMATE RACEMASE,2xDGN,No significant,1b73,AA,1b74,AA
UROPORPHYRIN-III C-METHYLTRANSFERASE,"2xFLC,2xSAH",No significant,1va0,AB,1v9a,AB
UNSATURATED GLUCURONYL HYDROLASE,"GAD,NDG",No significant,2fv0,B,2fv1,B
MODIFICATION METHYLASE RSRI,SAM,No significant,1nw8,A,1nw5,A
ALKANE MONOXYGENASE,2xFMN,No significant,3b9n,AB,3b9o,AB
DIPHTHERIA TOXIN,2xAPU,No significant,1sgk,AA,1ddt,AA
SUGAR-BINDING TRANSPORT ATP-BINDING PROTEIN,2xATP,No significant,1v43,AA,1vci,AA
MANNOSE RECEPTOR,SGA,No significant,1dqg,A,1fwu,A
ATP-DEPENDENT RNA HELICASE DDX25,ZN,No significant,2g2j,D,2rb4,B
HOMOSERINE O-SUCCINYLTRANSFERASE,2xHSE,No significant,2ghr,AA,2vdj,AA
FEMX,2xMG,No significant,1xix,A,1ne9,A
ESSENTIAL FOR MITOTIC GROWTH 1,SAM,No significant,2v3j,A,2v3k,A
GENOME POLYPROTEIN [CONTAINS: FLAVIVIRIN PROTEASE NS3 CATALYTIC SUBUNIT],ADP,No significant,1yks,A,1ymf,A
MOLYBDENUM TRANSPORT PROTEIN MODE,NI,No significant,1h9s,AB,1h9r,AB
"5,10-METHYLENETETRAHYDROFOLATE DEHYDROGENASE",2xNAD,No significant,1edz,AA,1ee9,AA
EXOSOME COMPLEX EXONUCLEASE RRP6,"U,ZN",No significant,2hbj,A,2hbm,A
"BETA-1,3-N-ACETYLGLUCOSAMINYLTRANSFERASE MANIC FRINGE","MN,UDP",No significant,2j0a,A,2j0b,A
CELLVIBRIO JAPONICUS MANNANASE CJMAN26C,MAB,No significant,2vx4,A,2vx7,A
EPOXIDE HYDROLASE,PG4,No significant,3cxu,B,2cjp,A
CYTOSOLIC 5'-NUCLEOTIDASE III,"MG,PIN",No significant,2g0a,B,2g09,A
PUTATIVE EXOTOXIN (SUPERANTIGEN),2xZN,No significant,1ty0,AB,1ty2,AB
ENDOGLUCANASE A,5xGLC,No significant,1cem,A,1kwf,A
GLUTAMATE RACEMASE,2xFLC,No significant,2jfu,AA,2jfv,AA
HYPOTHETICAL PROTEIN APE0525,TLA,No significant,1zs7,A,2cx1,A
METALLOPROTEINASE,PEPT(ENW),No significant,1kuf,A,1kug,A
DNA-3-METHYLADENINE GLYCOSYLASE II,7HP,No significant,1mpg,B,1pvs,A
FKBP-TYPE PEPTIDYL-PROLYL CIS-TRANS ISOMERASE FKPA,2xFK5,No significant,1q6h,AB,1q6i,AB
MUTT/NUDIX FAMILY PROTEIN,"6xMG,2xRBY",No significant,2yvn,AA,2yvp,AA
RHO GTPASE-ACTIVATING PROTEIN 9,I3S,No significant,2p0f,A,2p0h,A
ECTONUCLEOSIDE TRIPHOSPHATE DIPHOSPHOHYDROLASE 2,ANP,No significant,3cj1,A,3cja,A
"BETA-1,4-MANNANASE",3xBMA,No significant,2bvy,A,2bvt,B
FENGYCIN SYNTHETASE,PMS,No significant,2cb9,A,2cbg,A
DYNACTIN-1,PEPT(EEY),No significant,2hkn,AB,2hl3,AB
PROBABLE POLYSACCHARIDE DEACETYLASE PDAA,NDG,No significant,1w17,A,1w1a,1
FERROCHELATASE,CO,No significant,1lbq,AB,1l8x,AB
SHIKIMATE 5-DEHYDROGENASE,"NAP,2xSKM",No significant,1wxd,AB,2ev9,AB
BH0236 PROTEIN,"2xBGC,GLC",No significant,1w9s,B,1w9w,A
LYSOZYME,BUL,No significant,153l,A,1lsp,A
MICRONEMAL PROTEIN 1,SIA,No significant,2jh1,A,2jh7,A
ACYL TRANSFERASE,MLC,No significant,2e1u,A,2e1t,B
UVRABC SYSTEM PROTEIN C,MN,No significant,1yd3,A,1yd4,A
PREPROTEIN TRANSLOCASE SECA SUBUNIT,ADP,No significant,1tf5,A,1tf2,A
HEXOSE-6-PHOSPHATE MUTAROTASE,BG6,No significant,2ciq,A,2cir,A
6-PHOSPHOGLUCONATE DEHYDROGENASE,"2xNBP,2xPOP",No significant,2pgd,AA,1pgn,AA
SULFIREDOXIN-1,ATP,No significant,1xw3,A,3cyi,A
MORPHOGENESIS PROTEIN 1,2xNAG,No significant,3csr,A,3ct5,A
EXTRACELLULAR ENDONUCLEASE,MG,No significant,1smn,AB,1g8t,AB
L-GULONATE 3-DEHYDROGENASE,2xNAI,No significant,2dpo,AA,2ep9,AA
RICIN,2xFMC,No significant,1obs,AA,1ifu,AA
AMINOMETHYLTRANSFERASE,2xFFO,No significant,1wos,A,1wop,A
HYPOTHETICAL PROTEIN CGL3021,ZN,No significant,2nsg,A,2nsf,A
CARBOXYLESTERASE,2xPMS,No significant,1auo,AB,1aur,AB
POLYCOMB PROTEIN SCM,PEPT(RKS),No significant,2r57,A,2r5m,A
AGGLUTININ,"2xA2G,2xGAL",No significant,1jly,AB,1jlx,AB
PHOSPHATIDYLINOSITOL PHOSPHATE PHOSPHATASE,"2IP,CA",No significant,1i9y,A,1i9z,A
AMYLOID BETA A4 PROTEIN PRECURSOR,CU,No significant,2fma,A,2fk1,A
"GLYCOSYL TRANSFERASE, GROUP 1",SUP,No significant,2r60,A,2r68,A
COB(I)ALAMIN ADENOSYLTRANSFERASE,"2xATP,2xMG",No significant,1g5r,AA,1g5t,AA
BETA-ARRESTIN 1,"IHP,MG",No significant,1jsy,A,1zsh,A
CARBOXYLESTERASE NP,PGE,No significant,2r11,AB,2r11,CD
ENDONUCLEASE I,MG,No significant,2g7e,A,2g7f,A
"ATP-DEPENDENT RNA HELICASE, PUTATIVE",2xMN,No significant,1j23,AA,1j25,AA
DIMERIC DIHYDRODIOL DEHYDROGENASE,2xAC6,No significant,2o4u,XX,2o48,XX
PEROXIREDOXIN-5,2xBEZ,No significant,2vl3,BC,2vl2,BC
LEVANSUCRASE,"CA,RAF",No significant,3byl,A,3byn,A
PYRROLINE-5-CARBOXYLATE REDUCTASE,2xNAP,No significant,1yqg,AA,2ag8,AA
PHOSPHORIBOSYL PYROPHOSPHATE SYNTHETASE- ASSOCIATED PROTEIN 1,TAM,No significant,2c4k,D,2c4k,B
GTP-BINDING PROTEIN,GDP,No significant,2qtf,A,2qth,A
PUTATIVE FRUCTOSE-AMINOACID-6-PHOSPHATE DEGLYCASE,FLC,No significant,3eua,AB,3eua,GH
CLATHRIN ASSEMBLY PROTEIN SHORT FORM,IP2,No significant,1hf8,A,1hg2,A
THIOL:DISULFIDE INTERCHANGE PROTEIN DSBA-LIKE,PGE,No significant,3c7m,B,3c7m,A
UNCHARACTERIZED PROTEIN,PG4,No significant,2q22,C,2q22,B
PHOSPHOLIPASE A2,MAN,No significant,1g0z,AB,1u4j,AB
E80-TELSAM DOMAIN,MN,No significant,2qb0,A,2qb0,C
